-- phpMyAdmin SQL Dump
-- version 5.2.1
-- https://www.phpmyadmin.net/
--
-- Host: 127.0.0.1
-- Generation Time: Feb 02, 2026 at 06:41 AM
-- Server version: 10.4.32-MariaDB
-- PHP Version: 8.2.12

SET SQL_MODE = "NO_AUTO_VALUE_ON_ZERO";
START TRANSACTION;
SET time_zone = "+00:00";


/*!40101 SET @OLD_CHARACTER_SET_CLIENT=@@CHARACTER_SET_CLIENT */;
/*!40101 SET @OLD_CHARACTER_SET_RESULTS=@@CHARACTER_SET_RESULTS */;
/*!40101 SET @OLD_COLLATION_CONNECTION=@@COLLATION_CONNECTION */;
/*!40101 SET NAMES utf8mb4 */;

--
-- Database: `raphavets_db`
--

-- --------------------------------------------------------

--
-- Table structure for table `account_tbl`
--

CREATE TABLE `account_tbl` (
  `accId` int(11) NOT NULL,
  `roleID` int(11) NOT NULL,
  `firstName` varchar(250) NOT NULL,
  `lastName` varchar(250) NOT NULL,
  `email` varchar(255) DEFAULT NULL,
  `password` varchar(250) NOT NULL,
  `createdAt` datetime NOT NULL DEFAULT current_timestamp(),
  `lastUpdatedAt` datetime NOT NULL DEFAULT current_timestamp() ON UPDATE current_timestamp(),
  `passwordChangeAt` datetime NOT NULL DEFAULT current_timestamp(),
  `logInAt` datetime NOT NULL DEFAULT current_timestamp(),
  `logOutAt` datetime NOT NULL DEFAULT current_timestamp(),
  `isDeleted` tinyint(1) NOT NULL,
  `resetToken` varchar(255) DEFAULT NULL,
  `resetTokenExpiry` datetime DEFAULT NULL
) ENGINE=InnoDB DEFAULT CHARSET=utf8mb4 COLLATE=utf8mb4_general_ci;

--
-- Dumping data for table `account_tbl`
--

INSERT INTO `account_tbl` (`accId`, `roleID`, `firstName`, `lastName`, `email`, `password`, `createdAt`, `lastUpdatedAt`, `passwordChangeAt`, `logInAt`, `logOutAt`, `isDeleted`, `resetToken`, `resetTokenExpiry`) VALUES
(2, 3, 'Marke', 'Mapili', 'markmapili29@gmail.com', '$2b$10$NNG154DuvS/ST/lInE1Pp.XyhniL6YtSE.3UaiAv6/OvON5uMi3MC', '2025-11-19 19:01:01', '2026-02-02 10:08:48', '2025-11-09 12:21:30', '2026-02-02 10:08:48', '2025-11-09 19:26:09', 0, '205676104592a4bdda5ae79ab8b33f59d772d71ba631da7c9af8e03be2ba39c5', '2026-02-02 11:07:19'),
(3, 2, 'Fionah Irish', 'Beltran', 'soupcuppy@gmail.com', '$2b$10$l/lPrlJ8Vho/LyqoOiq2sOlSSrZ1t.atCEgMaxBBOW05jri/FfwIS', '0000-00-00 00:00:00', '2025-11-22 12:57:36', '2025-11-09 12:21:30', '2025-11-22 12:57:36', '2025-11-09 12:20:21', 0, NULL, NULL),
(5, 2, 'mark', 'mapili', 'markmapili72@gmail.com', '$2b$10$LMTrRhOAEKAweVGBy1NXQeGCWEzgN2d5WueonGDiRibvDGER08YVe', '0000-00-00 00:00:00', '2026-01-13 14:34:59', '2025-11-09 12:21:30', '2026-01-13 14:34:59', '2025-11-09 12:20:21', 0, NULL, NULL),
(6, 1, 'Miguel', 'Rojero', 'miguelrojero@gmail.com', '0908@Taks', '2025-11-15 18:31:41', '2025-11-17 10:17:26', '2025-11-15 18:31:41', '2025-11-15 18:31:41', '2025-11-15 18:31:41', 1, NULL, NULL),
(8, 1, 'Vanerie', 'Parcon', 'vnaerie@gmail.com', '', '2025-11-16 00:09:49', '2025-11-16 14:50:13', '2025-11-16 00:09:49', '2025-11-16 00:09:49', '2025-11-16 00:09:49', 1, NULL, NULL),
(9, 1, 'Marvin', 'Tomales', 'marvin@gmail.com09123456789', '', '2025-11-16 00:15:22', '2025-11-16 00:15:22', '2025-11-16 00:15:22', '2025-11-16 00:15:22', '2025-11-16 00:15:22', 0, NULL, NULL),
(15, 1, 'Mark', 'Mapili', 'markmam@gmail.com', '$2b$10$HtvFEFf/H6rlr5R109DxCu5UXMYAcoVnnkCRZZckloDTavRFUmh62', '2025-11-16 13:46:52', '2025-11-22 14:52:23', '2025-11-16 13:46:52', '2025-11-16 13:46:52', '2025-11-16 13:46:52', 1, NULL, NULL),
(17, 1, 'Mark', 'Mapili', 'markmapili2004@gmail.com', '$2b$10$3jhE9jlL7cFvtjmv/big4.JxTsrvSXVV11RkS7u44xNK11Kf3UDRS', '2025-11-18 09:28:29', '2026-02-02 10:59:16', '2025-11-18 09:28:29', '2026-02-02 10:59:16', '2025-11-18 09:28:29', 0, '40a82edcc2a8cf3b16dd129a8c6f397d2312723bfd093e7ff5a476f60cc4db86', '2026-02-01 22:58:54'),
(18, 1, 'Fionah Irish ', 'Beltran', 'beltran.fionahirish@gmail.com', '$2b$10$7jPfNY9j1xAcyTepUT1.pOGUPDrAWQuKdxboD6kzYpU7ppvBAv6mS', '2025-11-22 12:58:29', '2025-11-22 13:47:19', '2025-11-22 12:58:29', '2025-11-22 13:47:19', '2025-11-22 12:58:29', 0, NULL, NULL);

-- --------------------------------------------------------

--
-- Table structure for table `allergen_tbl`
--

CREATE TABLE `allergen_tbl` (
  `allergenID` int(11) NOT NULL,
  `allergenName` text NOT NULL
) ENGINE=InnoDB DEFAULT CHARSET=utf8mb4 COLLATE=utf8mb4_general_ci;

-- --------------------------------------------------------

--
-- Table structure for table `appointment_status_tbl`
--

CREATE TABLE `appointment_status_tbl` (
  `statusID` int(11) NOT NULL,
  `statusName` varchar(50) NOT NULL
) ENGINE=InnoDB DEFAULT CHARSET=utf8mb4 COLLATE=utf8mb4_general_ci;

--
-- Dumping data for table `appointment_status_tbl`
--

INSERT INTO `appointment_status_tbl` (`statusID`, `statusName`) VALUES
(1, 'Pending'),
(2, 'Upcoming'),
(3, 'Rejected'),
(4, 'Cancelled'),
(5, 'No Show'),
(6, 'Completed');

-- --------------------------------------------------------

--
-- Table structure for table `appointment_tbl`
--

CREATE TABLE `appointment_tbl` (
  `appointmentID` int(11) NOT NULL,
  `accID` int(11) NOT NULL,
  `petID` int(11) NOT NULL,
  `serviceID` int(11) NOT NULL,
  `appointmentDate` date DEFAULT NULL,
  `scheduledTimeID` int(11) DEFAULT NULL,
  `visitDateTime` datetime DEFAULT NULL,
  `visitType` enum('Scheduled','Walk-in') NOT NULL,
  `statusID` int(11) NOT NULL,
  `createdAt` datetime NOT NULL DEFAULT current_timestamp(),
  `lastUpdatedAt` datetime NOT NULL DEFAULT current_timestamp() ON UPDATE current_timestamp(),
  `isDeleted` tinyint(1) NOT NULL
) ENGINE=InnoDB DEFAULT CHARSET=utf8mb4 COLLATE=utf8mb4_general_ci;

--
-- Dumping data for table `appointment_tbl`
--

INSERT INTO `appointment_tbl` (`appointmentID`, `accID`, `petID`, `serviceID`, `appointmentDate`, `scheduledTimeID`, `visitDateTime`, `visitType`, `statusID`, `createdAt`, `lastUpdatedAt`, `isDeleted`) VALUES
(5, 2, 56, 2, '2025-11-22', 5, NULL, 'Scheduled', 1, '2025-11-16 15:19:32', '2025-11-18 18:08:44', 0),
(6, 17, 60, 3, '2025-11-30', 4, NULL, 'Scheduled', 2, '2025-11-22 19:11:30', '2026-01-13 14:37:13', 0),
(7, 17, 60, 1, '2026-01-16', 3, NULL, 'Scheduled', 1, '2026-01-13 14:24:57', '2026-01-13 14:24:57', 0);

-- --------------------------------------------------------

--
-- Table structure for table `breed_tbl`
--

CREATE TABLE `breed_tbl` (
  `breedID` int(11) NOT NULL,
  `breedName` varchar(255) NOT NULL,
  `species` enum('Cat','Dog') NOT NULL
) ENGINE=InnoDB DEFAULT CHARSET=utf8mb4 COLLATE=utf8mb4_general_ci;

--
-- Dumping data for table `breed_tbl`
--

INSERT INTO `breed_tbl` (`breedID`, `breedName`, `species`) VALUES
(1, 'Persian', 'Cat'),
(2, 'Labrador', 'Dog');

-- --------------------------------------------------------

--
-- Table structure for table `chat_messages`
--

CREATE TABLE `chat_messages` (
  `id` int(11) NOT NULL,
  `user_id` int(50) DEFAULT NULL,
  `role` enum('user','system') DEFAULT NULL,
  `message` text DEFAULT NULL,
  `created_at` timestamp NOT NULL DEFAULT current_timestamp()
) ENGINE=InnoDB DEFAULT CHARSET=utf8mb4 COLLATE=utf8mb4_general_ci;

--
-- Dumping data for table `chat_messages`
--

INSERT INTO `chat_messages` (`id`, `user_id`, `role`, `message`, `created_at`) VALUES
(65, 17, 'user', 'hi', '2026-02-02 05:39:22'),
(66, 17, '', 'Hello! How can I assist you with your pet care or our clinic services today?', '2026-02-01 05:39:24'),
(67, 17, 'user', 'How do i feed my dog', '2026-02-02 05:40:05'),
(68, 17, '', 'Feed your dog a balanced diet suitable for their age, size, and health. Use high-quality commercial dog food or vet-recommended homemade meals. Provide fresh water daily and avoid giving harmful human foods like chocolate or grapes. For specific feeding amounts, consult your vet.', '2026-02-02 05:40:07'),
(69, 17, 'user', 'hi', '2026-02-02 05:40:47'),
(70, 17, '', 'Hello! To feed your dog, provide a balanced diet suitable for their age, size, and health. Use high-quality commercial dog food or vet-recommended homemade meals, and feed them at regular times daily. Always ensure fresh water is available. If you need specific advice, please consult a veterinarian.', '2026-02-02 05:40:49');

-- --------------------------------------------------------

--
-- Table structure for table `clientinfo_tbl`
--

CREATE TABLE `clientinfo_tbl` (
  `cliendInfoId` int(11) NOT NULL,
  `accId` int(11) NOT NULL,
  `gender` enum('Male','Female') NOT NULL,
  `dateOfBIrth` date NOT NULL,
  `address` varchar(250) DEFAULT NULL,
  `contactNo` varchar(13) NOT NULL,
  `ai_memory` text DEFAULT NULL
) ENGINE=InnoDB DEFAULT CHARSET=utf8mb4 COLLATE=utf8mb4_general_ci;

--
-- Dumping data for table `clientinfo_tbl`
--

INSERT INTO `clientinfo_tbl` (`cliendInfoId`, `accId`, `gender`, `dateOfBIrth`, `address`, `contactNo`, `ai_memory`) VALUES
(1, 2, 'Male', '0000-00-00', '141-I 16th Avenue East Rembo', '09123456789', NULL),
(2, 8, 'Female', '2025-11-08', NULL, '09888888888', NULL),
(3, 9, 'Female', '0000-00-00', NULL, '09123456789', NULL),
(9, 15, 'Male', '2025-11-12', NULL, '09123456789', NULL),
(11, 17, 'Male', '2025-11-13', NULL, '09123456789', NULL),
(12, 18, 'Female', '2025-11-20', NULL, '096660481838', NULL);

-- --------------------------------------------------------

--
-- Table structure for table `faqs`
--

CREATE TABLE `faqs` (
  `id` int(11) NOT NULL,
  `question` text NOT NULL,
  `answer` text NOT NULL,
  `embedding` longtext CHARACTER SET utf8mb4 COLLATE utf8mb4_bin DEFAULT NULL CHECK (json_valid(`embedding`))
) ENGINE=InnoDB DEFAULT CHARSET=utf8mb4 COLLATE=utf8mb4_general_ci;

--
-- Dumping data for table `faqs`
--

INSERT INTO `faqs` (`id`, `question`, `answer`, `embedding`) VALUES
(1, 'What are your clinic hours?', 'We are open Monday to Saturday, 8:00 AM to 6:00 PM, and closed on Sundays.', '[-0.02163279429078102,0.03406275436282158,0.05295923724770546,-0.003405048279091716,-0.02346109040081501,0.05668945237994194,0.025890637189149857,0.019595900550484657,0.013153916224837303,-0.010804126039147377,-0.005141316447407007,-0.029031870886683464,0.023277033120393753,-0.021424196660518646,-0.03573153540492058,0.023252492770552635,0.00784081406891346,0.023436548188328743,-0.011350161395967007,0.04817376658320427,0.013718357309699059,0.014724533073604107,0.005754838231950998,-0.017534464597702026,-0.027068600058555603,-0.0021135839633643627,0.02034439705312252,-0.04171951115131378,0.05070147663354874,0.007270238362252712,0.027902990579605103,-0.03227126970887184,-0.011816438287496567,0.022123610600829124,-0.049818005412817,0.03362101688981056,0.0013857933226972818,0.006613769568502903,0.003328358056023717,-0.03474989905953407,-0.03222218528389931,-0.002960244659334421,-0.008251873776316643,-0.029424525797367096,-0.06454253941774368,0.006429712753742933,-0.004196492023766041,-0.01754673570394516,0.040124353021383286,-0.02028304524719715,0.006748744286596775,-0.01092683058232069,-0.036173269152641296,0.01709272898733616,0.0019126555416733027,0.07440797239542007,-0.02506851777434349,0.02689681388437748,0.049474433064460754,0.005196533165872097,0.04277477040886879,0.0015644816448912024,0.003110557561740279,-0.0029080952517688274,-0.006294738035649061,0.039608996361494064,-0.020037636160850525,0.01750992424786091,-0.02429547905921936,-0.0014226046623662114,0.008607717230916023,0.022737134248018265,0.0009317868971265852,-0.01706818863749504,-0.0329093337059021,0.027853908017277718,-0.02647961862385273,0.02117878757417202,0.020970189943909645,-0.00052532838890329,0.021485548466444016,0.010644610971212387,-0.00032574194483458996,0.05688577890396118,-0.040247056633234024,0.00368726858869195,-0.08353718370199203,0.0345781110227108,0.000775338732637465,0.0059051513671875,0.024835379794239998,0.010331714525818825,-0.006392901763319969,0.030062587931752205,0.020197151228785515,0.011687598191201687,-0.005926624871790409,0.027682121843099594,-0.0008067816961556673,-0.02139965444803238,0.06041966751217842,-0.08152483403682709,-0.0009494256228208542,0.02554706484079361,0.03413637727499008,-0.010012682527303696,-0.029424525797367096,0.022761674597859383,-0.028712840750813484,-0.029620852321386337,-0.05114321410655975,-0.014540476724505424,-0.04920448362827301,-0.027461254969239235,0.019681792706251144,0.03168228641152382,-0.002802262781187892,-0.008165980689227581,-0.0147490743547678,-0.0759785920381546,0.013018941506743431,0.02320341020822525,-0.005908219143748283,-0.026037883013486862,-0.0346517339348793,-0.012577205896377563,0.00426704715937376,0.010528041049838066,-0.05624771863222122,0.010663015767931938,-0.011466730386018753,-0.05698394402861595,0.0624811016023159,-0.04790381342172623,-0.03433270379900932,0.008325496688485146,0.008920612744987011,0.009552541188895702,-0.05987976863980293,0.03322836384177208,0.03467627614736557,0.048934534192085266,-0.01635650172829628,0.022442642599344254,0.006411307025700808,0.032663922756910324,-0.030577948316931725,-0.03263938054442406,0.0035001442302018404,0.037105824798345566,0.020418019965291023,-0.005070761311799288,0.0014126349706202745,-0.0034479948226362467,-0.008939018473029137,0.031510502099990845,0.020675698295235634,0.06694754213094711,0.011718274094164371,0.044590793550014496,-0.0021304558031260967,0.06670213490724564,-0.037523020058870316,-0.020847484469413757,-0.020810673013329506,-0.022503994405269623,-0.009515729732811451,0.01105567067861557,-0.003352898871526122,-0.01536259613931179,0.04493436589837074,0.020994730293750763,-0.008718150667846203,0.011834844015538692,0.01841793768107891,0.016368772834539413,0.03335106745362282,0.05644404515624046,0.007172074634581804,0.029743557795882225,-0.012589476071298122,0.027878450229763985,0.0025737257674336433,0.06032150611281395,0.01976768672466278,-0.03443086892366409,-0.0480756014585495,0.031412336975336075,-0.008945154026150703,0.012540394440293312,-0.015288974158465862,-0.013362513855099678,0.019166434183716774,0.013252080418169498,0.017276786267757416,-0.006122951861470938,0.009024911560118198,0.0007741883746348321,-0.03084789775311947,-0.010705962777137756,-0.025497984141111374,0.004948056768625975,0.04171951115131378,0.009583217091858387,0.04601416736841202,-0.03953537344932556,-0.03445540741086006,-0.024958083406090736,0.006230317987501621,0.04265206307172775,0.07676389813423157,0.03590331971645355,0.024381373077630997,0.01885967329144478,-0.0269949771463871,0.014822697266936302,0.007754920981824398,0.01349748857319355,-0.022921189665794373,-0.010644610971212387,-0.020712509751319885,-0.04547426849603653,0.021264679729938507,0.020577535033226013,0.054137200117111206,-0.014172363094985485,-0.0023160462733358145,-0.02246718294918537,0.008006464689970016,-0.04329012706875801,-0.018135717138648033,0.02522803284227848,0.014049658551812172,0.0223322082310915,-0.0015223020454868674,-0.019301408901810646,0.04007527232170105,-0.0037240798119455576,0.030455242842435837,-0.04503253102302551,0.0573275163769722,0.01665099337697029,-0.038259245455265045,0.054677098989486694,-0.008123034611344337,-0.031829532235860825,-0.007779461797326803,-0.0608123242855072,0.008264143951237202,0.011687598191201687,-0.017436301335692406,-0.03470081835985184,-0.006521741393953562,0.0014831899898126721,-0.02709314040839672,0.035265255719423294,-0.013362513855099678,0.0012569536920636892,-0.014577288180589676,0.0304061621427536,0.05992884933948517,-0.07637124508619308,-0.017105000093579292,-0.0690089762210846,0.033890966325998306,0.0024955016560852528,-0.03808746114373207,0.02014807052910328,-0.02429547905921936,0.025915179401636124,-0.02635691501200199,-0.025817014276981354,0.04194037988781929,-0.0693034678697586,0.00793897733092308,-0.04942534863948822,-0.010159928351640701,0.023350656032562256,-0.029449066147208214,-0.026430537924170494,-0.04991616681218147,0.01960816979408264,-0.0011442189570516348,-0.018491560593247414,-0.02905641309916973,0.03364555910229683,0.019804498180747032,0.006810096558183432,0.010190604254603386,0.04032067954540253,0.003010860411450267,0.011644652113318443,-0.00368420104496181,-0.039829861372709274,0.01597611792385578,-0.048909991979599,0.026455078274011612,0.026945896446704865,-0.009393025189638138,0.033596478402614594,-0.011926871724426746,0.05023520067334175,-0.04051700606942177,-0.028786461800336838,0.007110722362995148,0.04194037988781929,0.023387467488646507,0.021448737010359764,0.04380548745393753,-0.09354986995458603,-0.0056658778339624405,-0.019043730571866035,0.00690826028585434,-0.008638393133878708,0.02586609683930874,0.022516265511512756,-0.00036504570744000375,0.059339869767427444,0.0064358483068645,-0.018663346767425537,-0.0017239974113181233,-0.055904146283864975,-0.01386560220271349,0.011307214386761189,-0.010092440992593765,-0.013841060921549797,0.01607428304851055,0.0009463580208830535,0.04144956171512604,-0.06704571098089218,0.029449066147208214,-0.10807807743549347,0.026307832449674606,-0.019546817988157272,0.013706086203455925,0.055904146283864975,0.011037264950573444,-0.028590135276317596,0.012908507138490677,0.0029403052758425474,-0.022025447338819504,-0.0666530504822731,-0.07293552160263062,-0.022908920422196388,0.035363420844078064,-0.013693816028535366,0.0069512068293988705,0.06945071369409561,0.049253564327955246,0.0130802933126688,-0.03403821215033531,-0.00845433585345745,-0.03833286836743355,-0.022602159529924393,-0.030160753056406975,0.014650911092758179,0.061204977333545685,-0.020552994683384895,-0.032246727496385574,0.03801383823156357,0.011135428212583065,0.037130363285541534,0.0034909413661807775,0.03767026588320732,0.005549308378249407,0.036492303013801575,0.0013781243469566107,-0.02586609683930874,-0.021056082099676132,-0.013767438940703869,0.019964013248682022,-0.04441900923848152,0.02169414609670639,0.009871572256088257,-0.04544972628355026,0.02593971975147724,-0.0020982460118830204,0.01635650172829628,0.07018694281578064,0.021780038252472878,-0.007202751003205776,-0.0030047250911593437,-0.002736309077590704,0.014123281463980675,0.01134402584284544,-0.010301037691533566,0.00625792657956481,0.05178127437829971,0.0207002405077219,-0.02121559903025627,-0.015706168487668037,0.0164178553968668,0.013374784030020237,-0.014724533073604107,-0.01152194757014513,0.001451746909879148,-0.011411513201892376,0.07043235003948212,-0.019227785989642143,-0.07121765613555908,-0.001042987802065909,-0.008233468048274517,0.003819175763055682,0.029007330536842346,0.0012968325754627585,0.006362225394695997,-0.042627524584531784,-0.023571522906422615,0.013068023137748241,0.004819217137992382,-0.03175590932369232,-0.06351181864738464,0.025890637189149857,0.06022334098815918,0.002582928631454706,0.009620028547942638,0.028418349102139473,-0.012834885157644749,0.018356584012508392,-0.0371549054980278,0.01292077824473381,-0.020835215225815773,-0.059241704642772675,0.033473771065473557,-0.03261484205722809,-0.07087408751249313,-0.03271300345659256,-0.05246841907501221,-0.045646052807569504,0.005868339911103249,0.03558428958058357,0.009080128744244576,-0.02679865062236786,0.033473771065473557,-0.03501984849572182,-0.0130802933126688,0.016724616289138794,0.015951577574014664,-0.03342469036579132,0.0404188446700573,-0.02137511409819126,0.020381208509206772,-0.029031870886683464,-0.005129045806825161,-0.04194037988781929,0.002294573001563549,0.037007659673690796,0.04235757514834404,0.04380548745393753,0.011012723669409752,0.015595735050737858,-0.01667553372681141,-0.021252410486340523,-0.012043441645801067,-0.01889648474752903,0.025154411792755127,-0.002204078482463956,-0.012184550985693932,0.02030758559703827,-0.03634505718946457,0.016798239201307297,-0.00618737144395709,-0.017841225489974022,0.01261401642113924,-0.008325496688485146,-0.03931450471282005,-0.003494009142741561,0.00034989940468221903,-0.007521782536059618,0.03519163280725479,0.03563337028026581,0.027461254969239235,0.03641868010163307,0.04576875641942024,-0.005757906008511782,0.04032067954540253,0.008442065678536892,0.03892184793949127,0.03936358541250229,-0.05462801828980446,0.03725307062268257,-0.005902083590626717,-0.008797908201813698,0.0009356213849969208,0.01651601865887642,-0.016859591007232666,0.006055464502424002,0.05502067133784294,-0.018491560593247414,-0.009810220450162888,0.03178045153617859,0.04289747402071953,-0.012399284169077873,-0.011613975279033184,-0.015031293965876102,0.048640042543411255,-0.024688133969902992,-0.00677328510209918,-0.04954805597662926,-0.018368855118751526,-0.01873696781694889,0.005049287807196379,-0.00011120090493932366,0.01712954044342041,0.06738927960395813,0.030038047581911087,-0.0430692583322525,-0.005398995708674192,0.049818005412817,0.005724162328988314,-0.012577205896377563,-0.0004030074051115662,0.0032670057844370604,0.0028068642131984234,-0.01613563485443592,0.0023221815936267376,0.00020552994101308286,-0.00032900128280743957,-0.008165980689227581,-0.006515605840831995,-0.004540064372122288,0.030995141714811325,-0.01401284709572792,-0.05624771863222122,0.006172033492475748,-0.0346517339348793,-0.022405831143260002,-0.02471267431974411,-0.004595281556248665,0.016994565725326538,0.0012485177721828222,-0.030872438102960587,-0.01693321391940117,0.017399489879608154,-0.030774274840950966,-0.0044357655569911,-0.024307750165462494,-0.0009747334406711161,0.013153916224837303,-0.048640042543411255,-0.005481821019202471,0.030062587931752205,0.01947319507598877,0.015387137420475483,-0.004141274839639664,0.011448324657976627,-0.004297723062336445,-0.03261484205722809,0.021608252078294754,0.03948628902435303,-0.0009133812272921205,0.027583958581089973,-0.015546653419733047,0.004632092546671629,0.030185293406248093,0.007779461797326803,-0.008828585036098957,-0.013595652766525745,0.02635691501200199,0.022000906988978386,-0.01484723761677742,0.018246151506900787,-0.0011296478332951665,0.02272486314177513,0.0006154394941404462,-0.008779503405094147,0.015693899244070053,-0.03261484205722809,-0.015632545575499535,0.0028498107567429543,0.0007810904644429684,0.023902826011180878,0.0078285438939929,-0.026700487360358238,0.021227868273854256,0.019068270921707153,-0.040836039930582047,0.0029663799796253443,-0.020319856703281403,-0.04110598936676979,0.0011327153770253062,-0.0008742691716179252,0.01697002537548542,-0.0039848266169428825,0.015387137420475483,0.029252739623188972,0.00952799990773201,-0.004408156964927912,0.006092275492846966,0.046652231365442276,0.019559089094400406,0.00630700821056962,0.01719089224934578,-0.0073499963618814945,-0.0023375197779387236,-0.03278662636876106,-0.016479207202792168,-0.009104670025408268,0.0035062795504927635,-0.04630865901708603,0.00016632204642519355,0.039412666112184525,0.027142222970724106,-0.006527876481413841,-0.022025447338819504,-0.0008129169582389295,0.005853001959621906,-0.0018221610225737095,-0.004484847653657198,0.028491972014307976,0.03749847784638405,0.03634505718946457,0.0016411719843745232,0.0023482562974095345,0.0007807070505805314,-0.011221321299672127,-0.05158494785428047,-0.001459416002035141,-0.04942534863948822,-0.024786297231912613,0.004518591333180666,-0.020037636160850525,-0.0075279176235198975,0.029326362535357475,0.020908838137984276,-0.006834637373685837,0.012196822091937065,-0.051045048981904984,0.023608334362506866,-0.025718851014971733,-0.006822367198765278,-0.007515646982938051,0.016381043940782547,-0.010386930778622627,0.027853908017277718,-0.025694310665130615,-0.02088429592549801,0.006742609199136496,0.022393561899662018,0.000017279278836213052,0.008669069036841393,-0.0014410102739930153,-0.010485094971954823,-0.02554706484079361,0.016601910814642906,0.007748785428702831,-0.006662851199507713,-0.014356420375406742,-0.0019141893135383725,-0.0027071668300777674,-0.01760808750987053,-0.030872438102960587,-0.012319526635110378,-0.012086387723684311,0.008055546320974827,-0.00957708153873682,-0.013828790746629238,-0.016847319900989532,0.012061846442520618,0.011479000560939312,0.00019143809913657606,0.038774605840444565,0.020516183227300644,0.0076260813511908054,0.034529030323028564,0.01349748857319355,-0.011798032559454441,0.019203245639801025,0.006380631122738123,0.009172157384455204,0.017976200208067894,0.04954805597662926,0.056836698204278946,-0.01333797350525856,0.006362225394695997,0.016430124640464783,-0.016430124640464783,0.006248723715543747,0.024013260379433632,-0.013043482787907124,-0.021780038252472878,0.02326476201415062,-0.011595569550991058,-0.0035768344532698393,0.031191470101475716,0.009258050471544266,0.02812385931611061,0.043142881244421005,0.0072518326342105865,0.05644404515624046,0.02487219125032425,-0.008712015114724636,0.009939059615135193,-0.043363749980926514,-0.001858972362242639,0.0003769327013287693,0.010890019126236439,-0.01447912398725748,0.0010629273019731045,-0.08147574961185455,0.025399820879101753,-0.018749238923192024,0.0177430622279644,-0.003395845415070653,0.022773945704102516,0.03158412501215935,-0.05796558037400246,-0.01716635189950466,0.018405666574835777,0.010515770874917507,-0.01893329620361328,-0.0308233555406332,0.016344232484698296,0.008791773580014706,-0.0002636228164192289,-0.013190727680921555,-0.03222218528389931,-0.0034817385021597147,-0.003487873822450638,-0.017816685140132904,-0.015632545575499535,0.03330198675394058,-0.012368608266115189,-0.01992720179259777,-0.008135304786264896,0.022553076967597008,-0.02378012053668499,0.02387828566133976,-0.03173137083649635,-0.013411595486104488,-0.0041136667132377625,0.024148235097527504,0.004681174643337727,-0.004294655751436949,-0.0065094707533717155,0.0026918286457657814,-0.016466936096549034,0.009092398919165134,-0.044075436890125275,-0.01998855359852314,-0.003754755947738886,0.008853125385940075,-0.013522029854357243,-0.004840690176934004,-0.016491476446390152,-0.011693733744323254,0.046480443328619,0.024074612185359,-0.014209174551069736,0.03560882806777954,0.014368690550327301,0.008932883851230145,-0.05183035880327225,0.037645723670721054,-0.003954150713980198,-0.028271103277802467,0.04422268271446228,-0.0022255517542362213,-0.01479815598577261,-0.0070186941884458065,-0.020258503034710884,0.03342469036579132,-0.010994317941367626,0.0028068642131984234,-0.004389751702547073,-0.0042609116062521935,0.007558593992143869,-0.004402021877467632,-0.03344923257827759,0.002943372819572687,0.00034165519173257053,-0.032982952892780304,0.011736679822206497,-0.009258050471544266,0.02535073831677437,-0.00840525422245264,-0.0244549959897995,-0.029817180708050728,-0.02802569419145584,-0.024688133969902992,0.04954805597662926,-0.03673771023750305,0.020062176510691643,-0.006362225394695997,-0.002500103088095784,-0.023890554904937744,0.044811662286520004,-0.012393148615956306,0.011779626831412315,0.020737051963806152,-0.0041504777036607265,-0.019043730571866035,-0.012368608266115189,-0.012399284169077873,0.008368442766368389,-0.0430692583322525,0.03072519227862358,-0.038774605840444565,-0.013988306745886803,0.009552541188895702,-0.006656716112047434,0.006349955219775438,0.009208968840539455,-0.00695734191685915,0.029399985447525978,0.02435683272778988,0.01256493479013443,0.035682450979948044,0.013166187331080437,-0.04571967571973801,0.024369101971387863,0.01354657020419836,0.0010575589258223772,-0.002018488012254238,0.01921551674604416,-0.026504160836338997,0.028811004012823105,-0.02886008471250534,-0.010104711167514324,0.01992720179259777,0.07617492228746414,0.00835617259144783,0.022184964269399643,0.03148595988750458,0.05016157776117325,-0.014356420375406742,-0.0034633330069482327,-0.019301408901810646,-0.009797950275242329,0.015853414312005043,0.03246759623289108,-0.013791979290544987,0.039608996361494064,0.00361978099681437,-0.0038069053553044796,-0.040860578417778015,-0.04162134602665901,0.000551019620615989,-0.00198474433273077,0.011785761453211308,0.013681545853614807,0.02435683272778988,0.0472412109375,0.01960816979408264,0.017460841685533524,0.017939390614628792,-0.013595652766525745,0.0025890637189149857,0.011319484561681747,-0.021326031535863876,-0.011067940853536129,0.014098741114139557,0.05045606568455696,0.014000576920807362,-0.010515770874917507,-0.014626369811594486,-0.004604484420269728,-0.010374660603702068,-0.002243957482278347,-0.027583958581089973,-0.026307832449674606,-0.025890637189149857,0.015031293965876102,-0.007411348633468151,-0.00560759287327528,-0.018761510029435158,0.025718851014971733,-0.0009885376784950495,-0.001359718618914485,0.010080169886350632,-0.036688629537820816,-0.007969653233885765,0.023632876574993134,0.01623379811644554,0.010957506485283375,-0.03163320571184158,0.04586692154407501,0.008810179308056831,0.03330198675394058,-0.04081149771809578,0.026847733184695244,0.013718357309699059,-0.00596957141533494,0.05624771863222122,0.015988389030098915,-0.019227785989642143,0.00562293129041791,0.010239685885608196,0.0061444249004125595,0.019583629444241524,-0.006386766210198402,0.06179395690560341,-0.011074076406657696,-0.0016994565958157182,-0.022062258794903755,0.008288685232400894,0.004162748344242573,0.004742526914924383,-0.04994070902466774,0.015338055789470673,-0.00022297698887996376,0.02155917137861252,-0.018663346767425537,-0.012650827877223492,0.014074199832975864,-0.010215144604444504,-0.02030758559703827,0.019338220357894897,0.043241046369075775,-0.0032271267846226692,-0.006515605840831995,-0.026234209537506104,-0.0014824230456724763,0.009399160742759705,-0.010607799515128136,0.04805105924606323,-0.007405213080346584,0.03229580819606781,0.008718150667846203,-0.00432226387783885,-0.032982952892780304,0.013166187331080437,-0.032982952892780304,0.016381043940782547,0.012153875082731247,0.014773614704608917,-0.010276497341692448,0.02856559492647648,-0.011337890289723873,0.013276620768010616,0.025718851014971733,-0.00798805896192789,0.013153916224837303,0.009294861927628517,0.046652231365442276,0.001734734047204256,0.006101478356868029,-0.018209340050816536,0.013509759679436684,0.008957424201071262,-0.018908753991127014,-0.005592254921793938,0.006193506997078657,-0.01433187909424305,0.021424196660518646,-0.04733937606215477,0.0041474103927612305,-0.006963477004319429,-0.028884626924991608,-0.018565181642770767,-0.000984703190624714,0.029031870886683464,-0.002679558238014579,-0.010104711167514324,0.009460512548685074,0.010914560407400131,-0.010755044408142567,0.015509841963648796,-0.029326362535357475,0.007442024536430836,-0.007534052710980177,0.022037718445062637,-0.03332652524113655,-0.01893329620361328,0.018430206924676895,0.03740031644701958,0.0025231102481484413,0.008092357777059078,0.02822202257812023,0.02288437820971012,-0.020454831421375275,0.034308161586523056,0.018246151506900787,0.0034173186868429184,0.01147286593914032,-0.00613828981295228,-0.006080005317926407,-0.021252410486340523,0.015804331749677658,0.029424525797367096,0.00994519516825676,0.0706777572631836,0.02584155648946762,-0.01806209422647953,-0.012202956713736057,-0.0026718892622739077,0.055805981159210205,0.00012567618978209794,-0.030774274840950966,0.019031459465622902,0.03978078067302704,-0.005178127437829971,0.04932718724012375,0.026602324098348618,0.0147490743547678,-0.04363369941711426,-0.03190315514802933,0.026455078274011612,0.04463987797498703,-0.02625875174999237,-0.012025035917758942,-0.00872428622096777,0.003877460490912199,0.016491476446390152,0.022405831143260002,0.0008696677396073937,0.007540188264101744,0.024405913427472115,-0.008540228940546513,-0.017019106075167656,-0.01077958568930626,-0.017362678423523903,0.024405913427472115,0.011865519918501377,0.00825800932943821,-0.010822531767189503,0.016687804833054543,-0.0003828761982731521,-0.0010123116662725806,0.006159763317555189,0.021829120814800262,0.008012600243091583,-0.04248027876019478,-0.03551066666841507,-0.006754879839718342,0.01593930646777153,0.04270114749670029,0.01651601865887642,0.007435889448970556,0.018491560593247414,0.0070186941884458065,-0.007681298069655895,-0.004070720169693232,0.033694639801979065,-0.03924088180065155,-0.014871778897941113,0.022160422056913376,0.012577205896377563,-0.002375864889472723,0.014650911092758179,-0.019289137795567513,0.011626246385276318,0.030185293406248093,0.03497076779603958,-0.007122993003576994,0.0014103342546150088,0.01780441403388977,0.01221522781997919,-0.010448283515870571,-0.007030964829027653,0.022086799144744873,-0.035265255719423294,0.0031811126973479986,0.009313267655670643,0.012252038344740868,-0.011933007277548313,-0.006399036850780249,-0.008221197873353958,-0.0034234540071338415,-0.014160092920064926,0.017178623005747795,0.029154576361179352,-0.004730256274342537,0.005398995708674192,-0.032124023884534836,0.0025614553596824408,0.00867520458996296,0.009368483908474445,-0.006270197220146656,-0.03737577423453331,-0.0249090027064085,0.008288685232400894,0.03921633958816528,-0.016012929379940033,-0.010129251517355442,0.009485053829848766,-0.017019106075167656,-0.039928026497364044,-0.015902496874332428,0.04194037988781929,0.007951248437166214,0.01822160929441452,-0.020552994683384895,0.02544890157878399,-0.02719130553305149,-0.022638969123363495,0.01600066013634205,0.014147822745144367,0.020111259073019028,-0.02792753092944622,0.036197811365127563,-0.006650581024587154,-0.0031903155613690615,0.05099596828222275,-0.0328357107937336,-0.006748744286596775,0.030504325404763222,0.06881265342235565,0.013178457506000996,0.025154411792755127,-0.008638393133878708,0.009202833287417889,0.0320013202726841,0.02493354305624962,-0.005678148008882999,-0.005297764204442501,0.03911817818880081,-0.021743226796388626,0.011251997202634811,0.009356213733553886,0.0154116777703166,0.005546241067349911,-0.010620069690048695,-0.023129787296056747,-0.019264597445726395,0.026185128837823868,0.007448159623891115,-0.006000247318297625,-0.016368772834539413,0.028369268402457237,0.008110763505101204,0.014037388376891613,0.011798032559454441,0.017522195354104042,-0.008190521970391273,0.017019106075167656,0.000517275941092521,-0.014184634201228619,-0.023056164383888245,-0.009454376995563507,-0.03217310458421707,0.010024952702224255,0.0388236865401268,0.017718521878123283,0.024945814162492752,0.01134402584284544,0.04692218080163002,-0.0008681339677423239,0.0043161287903785706,-0.02751033566892147,-0.0024878326803445816,0.01796393096446991,-0.02484765090048313,-0.011724409647285938,0.016246069222688675,-0.030553406104445457,-0.014160092920064926,0.08240830153226852,-0.022086799144744873,-0.016442395746707916,-0.026725027710199356,-0.015767520293593407,0.010583258233964443,-0.00019623125263024122,-0.029719015583395958,-0.025375278666615486,0.013129375874996185,-0.0013229072792455554,-0.005859137047082186,-0.021546900272369385,-0.011479000560939312,0.0019740078132599592,0.020197151228785515,-0.008754962123930454,0.005214938893914223,0.00538979284465313,0.004055381752550602,-0.007681298069655895,-0.03926542401313782,-0.0008819382055662572,0.002977116499096155,-0.009282590821385384,0.016724616289138794,-0.0013052684953436255,-0.01619698666036129,0.04476258158683777,-0.00044020218774676323,-0.003401980735361576,-0.0011281139450147748,0.03683587536215782,0.0030538069549947977,0.007724244613200426,-0.03673771023750305,-0.007122993003576994,0.012086387723684311,0.03335106745362282,0.009221239015460014,-0.004030840937048197,0.00919056311249733,0.030381619930267334,-0.027142222970724106,0.004211829975247383,0.005880610551685095,-0.026013342663645744,0.005414333660155535,-0.029105493798851967,0.020749321207404137,0.04228395223617554,0.006399036850780249,0.009534135460853577,-0.005515564698725939,-0.01909281127154827,0.008656798861920834,0.02262669987976551,0.03178045153617859,-0.007699703797698021,-0.02056526578962803,0.012699910439550877,0.016957754269242287,0.012687639333307743,-0.022184964269399643,0.029939884319901466,-0.006711933296173811,-0.01748538389801979,0.00714139873161912,-0.005497158970683813,0.027534877881407738,0.01944865472614765,0.025743393227458,-0.019939472898840904,-0.017522195354104042,-0.024307750165462494,0.00883471965789795,-0.038259245455265045,0.003868257626891136,-0.0038222435396164656,-0.06351181864738464,0.0062088449485599995,-0.012497447431087494,-0.00002039482023974415,-0.0548243448138237,-0.03676225244998932,0.018884213641285896,-0.028074776753783226,0.0056352014653384686,0.019203245639801025,0.03916725888848305,-0.0404188446700573,0.030577948316931725,0.007509511895477772,-0.04827192798256874,0.005662810057401657,-0.0020399612840265036,-0.012233633548021317,-0.0009225840331055224,-0.027583958581089973,-0.02584155648946762,0.011037264950573444,-0.00830709096044302,-0.057572923600673676,-0.026136046275496483,0.014614099636673927,-0.022761674597859383,0.008331631310284138,-0.005070761311799288,-0.003902001306414604,-0.035044390708208084,0.01489631924778223,0.02586609683930874,0.0013459143228828907,0.001858972362242639,0.017399489879608154,-0.002526177791878581,0.0015315047930926085,0.03148595988750458,-0.005751770921051502,0.023056164383888245,-0.0020721713081002235,0.025375278666615486,-0.013890143483877182,-0.003902001306414604,0.009221239015460014,0.016331961378455162,0.03384188562631607,0.01854064129292965,-0.023792391642928123,0.04302017763257027,-0.0017040580278262496,0.004503252916038036,-0.013202997855842113,0.007785596884787083,0.03330198675394058,0.011362431570887566,-0.04363369941711426,0.016896402463316917,0.009570946916937828,0.03173137083649635,-0.021645063534379005,0.03418545797467232,-0.014111011289060116,-0.02792753092944622,0.005340710747987032,-0.0025399820879101753,-0.024013260379433632,-0.045007988810539246,0.024062341079115868,0.021497817710042,-0.020552994683384895,0.011448324657976627,0.019436383619904518,0.033498313277959824,-0.01176122110337019,0.03259029984474182,0.043461915105581284,-0.0197922270745039,-0.005291629116982222,0.0056996215134859085,-0.008632257580757141,-0.017853496596217155,-0.025915179401636124,-0.0005111406790092587,0.0042823851108551025,-0.004552335012704134,-0.004095260985195637,0.014650911092758179,0.0016457734163850546,-0.0036412542685866356,0.02451634779572487,0.021203327924013138,-0.015583464875817299,-0.007491106167435646,0.018712427467107773,0.025154411792755127,0.009503459557890892,0.023092975839972496,-0.01825842075049877,0.0017055917996913195,-0.0020062176045030355,0.03575607389211655,-0.005420468747615814,0.03273754566907883,0.02072478085756302,-0.02854105457663536,-0.017620358616113663,-0.01298213005065918,0.04117961227893829,-0.012785803526639938,-0.046455901116132736,-0.022577617317438126,0.0018390328623354435,-0.005859137047082186,0.043142881244421005,0.014307337813079357,-0.008589311502873898,0.009595487266778946,-0.026725027710199356,0.020552994683384895,0.035461585968732834,-0.037842050194740295,0.0013459143228828907,0.026823190972208977,-0.0172890555113554,0.003125895746052265,-0.013828790746629238,0.019190974533557892,-0.006040126085281372,0.00957708153873682,-0.027952073141932487,-0.011337890289723873,0.01176122110337019,-0.01776760444045067,0.009454376995563507,0.017141811549663544,-0.004518591333180666,0.015068105421960354,0.03926542401313782,-0.006126019172370434,-0.017473112791776657,-0.0030829492025077343,-0.01651601865887642,-0.004951124545186758,0.027068600058555603,0.03371918201446533,0.01802528277039528,-0.017436301335692406,-0.031510502099990845,0.00825800932943821,-0.013693816028535366,-0.017816685140132904,0.013153916224837303,0.001644239528104663,-0.004653566051274538,0.03222218528389931,-0.00042409723391756415,0.00858317594975233,-0.0036627277731895447,0.01822160929441452,-0.025890637189149857,0.020356668159365654,0.031117847189307213,-0.014859507791697979,-0.008251873776316643,0.010675286874175072,-0.014773614704608917,0.04027159884572029,-0.04135139659047127,-0.002958711003884673,0.014712262898683548,0.034848060458898544,0.010840937495231628,0.00007314335380215198,-0.04368278384208679,0.028811004012823105,0.032663922756910324,-0.0164178553968668,0.014834967441856861,-0.011957548558712006,-0.02728946879506111,0.007914436981081963,-0.03288479149341583,-0.010804126039147377,0.01473680417984724,0.02503170631825924,-0.002901960164308548,-0.011607840657234192,-0.0047394591383636,0.016344232484698296,-0.020295314490795135,0.0099329249933362,0.02204998955130577,0.01339932531118393,0.007080046460032463,0.0068407729268074036,0.0035737669095396996,0.017460841685533524,0.06959795951843262,0.006331549491733313,-0.003484806278720498,0.04456625506281853,0.03325290605425835,-0.015620275400578976,-0.025620687752962112,-0.012699910439550877,-0.008233468048274517,0.01935049146413803,-0.010804126039147377,-0.0038805280346423388,0.02008671686053276,0.030062587931752205,0.029817180708050728,0.024896731600165367,0.02066342905163765,0.02111743576824665,-0.0069512068293988705,-0.03762118145823479,-0.011558759026229382,0.02959631197154522,-0.006058531813323498,-0.04657860845327377,-0.02155917137861252,0.016749156638979912,0.021546900272369385,0.0120373060926795,-0.002475562272593379,0.044811662286520004,-0.028418349102139473,0.022859837859869003,-0.011374701745808125,-0.003944947849959135,-0.01140537764877081,0.014417772181332111,-0.005586119834333658,-0.006101478356868029,0.01963271200656891,0.028590135276317596,0.021043812856078148,0.05271383002400398,0.02030758559703827,0.013632464222609997,-0.0014302736381068826,0.003932677209377289,0.03531434014439583,0.017215434461832047,0.022405831143260002,0.0010966709814965725,0.008779503405094147,-0.019240057095885277,-0.003671930404379964,-0.041474103927612305,0.0011894662166014314,0.018135717138648033,0.030995141714811325,0.0007381439208984375,-0.004288520198315382,0.013350243680179119,-0.00830709096044302,0.0077058388851583,0.005052355583757162,0.01039920188486576,0.015276703052222729,-0.012252038344740868,-0.016062011942267418,0.007178210187703371,0.015963848680257797,0.00713526364415884,0.06115589663386345,0.00760767562314868,0.010497365146875381,0.02124013938009739,0.025080788880586624,0.029841721057891846,-0.010294903069734573,0.006021720822900534,-0.0018313638865947723,-0.00825800932943821,0.0232402216643095,0.02522803284227848,0.002975582843646407,-0.025203492492437363,0.002809931756928563,0.03406275436282158,-0.021681874990463257,0.0023651281371712685,-0.0035001442302018404,0.00007328714855248109,-0.013558841310441494,0.010135387070477009,-0.01709272898733616,-0.08829811960458755,0.014601828530430794,-0.008779503405094147,0.005644404329359531,-0.00672420347109437,0.03605056554079056,0.04537610337138176,-0.021154245361685753,-0.04451717063784599,-0.011687598191201687,-0.037940215319395065,-0.016663262620568275,0.020037636160850525,0.00190191890578717,-0.0185774527490139,-0.008288685232400894,-0.031289633363485336,-0.02169414609670639]');
INSERT INTO `faqs` (`id`, `question`, `answer`, `embedding`) VALUES
(2, 'How can I book an appointment?', 'You can book an appointment via our website, by phone, or by visiting the clinic directly.', '[-0.026278607547283173,0.020934686064720154,0.018833434209227562,-0.0014575807144865394,-0.02723843790590763,-0.0387045256793499,-0.04625346139073372,0.0268233772367239,-0.025707898661494255,0.004004699178040028,0.0037063732743263245,-0.007412746548652649,0.05011872574687004,-0.024851832538843155,-0.02018238604068756,-0.004870492499321699,-0.05592959374189377,0.04088360071182251,0.0070365965366363525,0.054321229457855225,0.0048121241852641106,0.05279069021344185,0.009274039417505264,-0.005947059020400047,0.005535239819437265,-0.029728811234235764,-0.007004169747233391,-0.019650587812066078,0.03725180774927139,-0.024540536105632782,0.02271167002618313,-0.026745552197098732,0.031907886266708374,0.0335681326687336,-0.017886575311422348,0.016330093145370483,0.008839521557092667,-0.01341168861836195,-0.01107047963887453,-0.018288666382431984,-0.022517109289765358,0.015720469877123833,-0.005185031332075596,0.006867977790534496,-0.004251142032444477,0.01343762967735529,-0.0027838333044201136,-0.03457984700798988,0.014838463626801968,-0.05074131861329079,0.015681559219956398,0.0022731125354766846,-0.054269347339868546,0.02525392360985279,-0.027861030772328377,0.016939714550971985,-0.0307405237108469,-0.034527964890003204,0.04869195073843002,0.04049447923898697,0.006319966167211533,0.018016282469034195,-0.009254584088921547,0.050404082983732224,-0.035409972071647644,0.043685268610715866,-0.0005070727202109993,0.05681160092353821,-0.020000796765089035,-0.03128529340028763,-0.0021579978056252003,0.012270268052816391,-0.00007964811084093526,0.013249554671347141,-0.0156167047098279,-0.003119449829682708,0.012172987684607506,0.018651844933629036,-0.019611675292253494,-0.005872477777302265,0.044126272201538086,-0.021816693246364594,-0.06781074404716492,0.01962464675307274,-0.0330752469599247,0.03245265409350395,-0.03686268627643585,-0.009695586748421192,-0.01957276463508606,-0.0048315804451704025,0.01342465914785862,0.06324505805969238,-0.03618821129202843,0.03157064691185951,0.0712868869304657,0.05286851152777672,-0.018405402079224586,-0.007438688073307276,-0.011530939489603043,0.009410232305526733,0.039353057742118835,-0.04394468292593956,0.005921117961406708,-0.03779657557606697,0.04083171859383583,0.008703329600393772,0.020960627123713493,0.015435115434229374,-0.004763484001159668,-0.002344451379030943,-0.07242830842733383,-0.027964796870946884,0.020221298560500145,-0.03338654339313507,0.007380319759249687,0.018535109236836433,0.017056450247764587,-0.07185759395360947,-0.03128529340028763,-0.07315466552972794,-0.038548875600099564,-0.019118789583444595,0.020389916375279427,-0.049418311566114426,0.007432202808558941,-0.020636359229683876,-0.027523793280124664,-0.050767261534929276,-0.026032164692878723,0.007289525121450424,0.006705844309180975,-0.049885254353284836,0.03247859701514244,-0.047317057847976685,-0.05375051870942116,-0.006887433584779501,0.000911190640181303,0.05712289735674858,0.005700616165995598,-0.013463570736348629,-0.003965787123888731,0.016381975263357162,-0.021816693246364594,-0.019637618213891983,-0.0010976442135870457,0.0006343475542962551,-0.002560088876634836,-0.035513736307621,-0.05841996520757675,-0.005262855440378189,0.022374432533979416,-0.0038944482803344727,0.012626961804926395,-0.025681955739855766,0.025318777188658714,-0.006757726892828941,0.012951228767633438,0.031389057636260986,-0.0325823612511158,0.005895176436752081,-0.042855143547058105,0.01891125924885273,0.03966435417532921,-0.01896314136683941,0.009008141234517097,0.025513337925076485,0.005084508564323187,0.009643704630434513,0.0007831050897948444,0.06526848673820496,0.02577275224030018,-0.004027397837489843,0.02280246466398239,-0.007432202808558941,0.04578651860356331,0.019092848524451256,0.034891143441200256,0.030169812962412834,-0.003751770593225956,0.07133876532316208,-0.03522837907075882,0.040676068514585495,0.007062538061290979,0.008398518897593021,-0.019066907465457916,0.02762755937874317,0.008839521557092667,-0.040261007845401764,-0.025344718247652054,-0.06308941543102264,-0.02734220400452614,0.018133018165826797,-0.029339689761400223,0.014488255605101585,0.01492925826460123,0.0025519824121147394,0.005973000545054674,-0.0117579260841012,0.017043480649590492,-0.018366489559412003,0.0009946894133463502,-0.015071935951709747,-0.010240355506539345,-0.004682417493313551,0.014397460967302322,-0.05317980796098709,-0.0514417365193367,-0.012860434129834175,0.026343461126089096,-0.005690888036042452,0.05675971880555153,-0.016472769901156425,0.015020053833723068,0.043244265019893646,-0.016822978854179382,0.022815434262156487,-0.0015921515878289938,0.00868387334048748,-0.026979025453329086,0.008074251934885979,-0.020830919966101646,-0.015512939542531967,0.005146119277924299,0.0068290657363832,0.020312093198299408,0.006472371984273195,0.0678626224398613,-0.014747668989002705,-0.015940971672534943,-0.05380240082740784,-0.030999938026070595,0.07076805830001831,0.00817153137177229,0.021596191450953484,-0.0034955996088683605,-0.021025480702519417,0.00516233267262578,-0.011621734127402306,0.02635643258690834,-0.023775266483426094,0.03081834875047207,-0.004688902758061886,-0.018133018165826797,-0.017692014575004578,0.0032215940300375223,-0.025461455807089806,-0.007231156807392836,-0.07450361549854279,0.019066907465457916,0.02420329861342907,-0.021051421761512756,-0.05909444019198418,0.013256040401756763,-0.022815434262156487,-0.008962742984294891,0.012153532356023788,-0.02236146107316017,-0.0023606647737324238,0.03707021847367287,-0.01728992350399494,0.05017061159014702,-0.03808193281292915,-0.0004880220221821219,-0.0195987056940794,-0.0009038946009241045,-0.0025795449037104845,-0.021686986088752747,-0.00444570230320096,-0.038211639970541,0.015240554697811604,-0.055566415190696716,-0.015966912731528282,0.029132159426808357,-0.009753955528140068,-0.03852293640375137,-0.02192045748233795,-0.04049447923898697,-0.00033358982182107866,-0.025980282574892044,0.013684072531759739,-0.06194799393415451,0.001922904048115015,-0.022958112880587578,-0.04096142202615738,0.006738271098583937,0.03299742192029953,0.01219892967492342,0.009325922466814518,-0.03398319333791733,0.054736290127038956,0.01562967523932457,-0.012769639492034912,0.026979025453329086,-0.009539938531816006,0.00891734566539526,0.013839720748364925,0.009209186770021915,-0.007892661727964878,0.010194958187639713,0.06355635821819305,0.0007831050897948444,0.024514595046639442,0.0360066220164299,0.015785323455929756,-0.012808552011847496,0.08742241561412811,0.025072334334254265,0.005976242944598198,0.056033357977867126,-0.07772034406661987,0.005386076867580414,0.0007989131263457239,0.016031766310334206,-0.052064329385757446,0.009955001063644886,-0.025902457535266876,0.026473168283700943,-0.011180730536580086,-0.00887843407690525,-0.04127271845936775,-0.012056251987814903,-0.03112964518368244,-0.007665675133466721,0.013074450194835663,-0.005600093398243189,-0.056500304490327835,0.023502880707383156,0.005399047862738371,-0.005677917506545782,-0.04472292214632034,0.004915889818221331,-0.07144253700971603,0.01178386714309454,0.0055384826846420765,-0.018314607441425323,0.06065092235803604,0.013606248423457146,0.0030886444728821516,-0.010772153735160828,0.05271286517381668,0.006199987605214119,-0.04633128643035889,-0.04010535776615143,-0.028483623638749123,0.025124216452240944,-0.005340679548680782,-0.0020088348537683487,0.024462712928652763,-0.017238041386008263,0.022309578955173492,-0.045501165091991425,0.014332607388496399,0.00956588052213192,0.04627940431237221,-0.04788776859641075,0.021207069978117943,0.0590425580739975,-0.03240077197551727,-0.02158321999013424,-0.007185759488493204,-0.017108334228396416,0.027523793280124664,0.024683214724063873,0.026953084394335747,0.007497055921703577,0.029339689761400223,-0.011699558235704899,-0.04568275436758995,-0.029754752293229103,-0.01271127164363861,0.006508041173219681,-0.023749323561787605,0.055670179426670074,0.011161274276673794,-0.07263583689928055,0.010227384977042675,0.022426314651966095,0.029158100485801697,0.05395805090665817,0.041532132774591446,0.014786581508815289,0.009663160890340805,-0.005600093398243189,-0.02773132547736168,0.005198001861572266,-0.011719013564288616,-0.01626523956656456,0.03904176130890846,0.014604991301894188,-0.01863887533545494,0.02376229502260685,-0.009980942122638226,0.04127271845936775,-0.005973000545054674,0.011057509109377861,0.007406261283904314,0.018950171768665314,0.06298564374446869,-0.02863927185535431,-0.08861572295427322,-0.008152076043188572,-0.008126134052872658,0.010979685001075268,0.04573463648557663,0.00047910469584167004,-0.041609957814216614,-0.05541076511144638,-0.046798232942819595,0.032322946935892105,-0.03476143628358841,-0.027134673669934273,-0.06890027970075607,0.03841916844248772,0.04223255068063736,0.015448085963726044,-0.018457284197211266,0.03481331840157509,-0.008398518897593021,0.026641787961125374,-0.06485342234373093,0.0025146915577352047,-0.004659718833863735,-0.03553967550396919,0.004170075058937073,-0.034502021968364716,-0.03491708263754845,-0.007989942096173763,-0.01670624315738678,-0.003693402511999011,0.003625306533649564,-0.02985851652920246,-0.006021640729159117,0.03867858275771141,-0.020766066387295723,-0.04000159353017807,0.004649990703910589,0.010084707289934158,-0.008288267999887466,0.0011552016949281096,0.026200784370303154,-0.04031288996338844,0.029650986194610596,0.02983257547020912,-0.009617762640118599,-0.012101649306714535,0.0066604469902813435,0.047680240124464035,0.0061254058964550495,0.014566079713404179,0.017160216346383095,-0.006277811713516712,-0.015499969013035297,-0.007769440300762653,-0.02037694677710533,0.032763950526714325,0.018431343138217926,0.004150619264692068,-0.01343762967735529,0.02610998973250389,-0.030922112986445427,-0.017108334228396416,-0.010227384977042675,0.03476143628358841,0.04275137931108475,0.03556561842560768,0.036732979118824005,-0.03240077197551727,-0.0038068960420787334,-0.03463172912597656,0.0025714384391903877,0.0016537623014301062,0.020558536052703857,0.027783207595348358,0.012782610021531582,0.003959301859140396,0.024631330743432045,-0.008074251934885979,-0.04093548282980919,-0.06397142261266708,-0.034086961299180984,0.007756469771265984,-0.005363378208130598,-0.007237642537802458,-0.01648574136197567,0.050430022180080414,0.021233011037111282,0.03242671117186546,-0.000653398281428963,-0.049470193684101105,0.02219284139573574,0.00815856084227562,0.056915365159511566,0.008080736733973026,-0.013359805569052696,-0.00024178167222999036,-0.008495798334479332,-0.032348889857530594,-0.017990339547395706,-0.025124216452240944,-0.006673417519778013,-0.0067512416280806065,-0.020312093198299408,-0.0248648039996624,0.0248648039996624,0.019002053886651993,-0.006290782243013382,-0.006105950102210045,-0.002660611877217889,0.018976112827658653,0.007490570656955242,-0.008327179588377476,0.009682616218924522,-0.009442659094929695,0.0026103504933416843,-0.0404166541993618,0.013554366305470467,0.011621734127402306,0.025980282574892044,-0.011440143920481205,-0.02643425576388836,0.0034437167923897505,-0.008742242120206356,-0.005973000545054674,-0.015681559219956398,-0.013080935925245285,-0.005804381798952818,-0.051312029361724854,-0.02655099332332611,0.019689500331878662,-0.05323169007897377,0.027134673669934273,-0.013126333244144917,-0.005836808122694492,-0.0000862854576553218,-0.006222686264663935,0.0035474824253469706,-0.004624049179255962,0.012069222517311573,-0.005191516596823931,0.001742935855872929,-0.012575079686939716,0.02586354687809944,-0.006456158589571714,0.019027994945645332,-0.025383630767464638,-0.03076646476984024,-0.0387045256793499,-0.005622792057693005,0.026641787961125374,0.03735557198524475,-0.010493284091353416,0.021297864615917206,-0.030040107667446136,-0.016667330637574196,0.041532132774591446,0.009254584088921547,0.027990737929940224,-0.0048218523152172565,0.04293296858668327,-0.021661045029759407,0.0019293894292786717,0.0033269806299358606,-0.0006497502326965332,-0.003440474160015583,-0.003839322831481695,0.010532196611166,0.00009550680260872468,-0.02599325217306614,-0.02249116823077202,-0.020221298560500145,0.005960030015558004,0.010143076069653034,0.0040111844427883625,-0.042388200759887695,0.004581894725561142,0.04350367933511734,-0.04477480426430702,-0.013722985051572323,-0.04381497576832771,0.006796638946980238,0.002532526385039091,-0.000710955704562366,0.0009776654187589884,-0.005515784025192261,-0.02334723249077797,0.03735557198524475,0.01196545735001564,-0.011187216266989708,0.025837603956460953,0.05312792584300041,-0.0007174410275183618,-0.017030509188771248,0.035513736307621,-0.008067766204476357,-0.004685659892857075,-0.017212098464369774,-0.048199065029621124,0.03987188637256622,0.036317918449640274,-0.009416717104613781,0.0017153731314465404,0.023943884298205376,0.023061878979206085,0.012302694842219353,0.019897030666470528,0.01709536276757717,0.012075708247721195,-0.005136391147971153,0.004043611232191324,0.006653961259871721,0.02263384498655796,0.010564623400568962,0.00305621768347919,-0.023425057530403137,0.029573163017630577,-0.024281121790409088,-0.045553047209978104,-0.026927141472697258,-0.031492821872234344,0.0006327262381091714,0.008742242120206356,0.007172788958996534,-0.04129866138100624,0.07263583689928055,0.014423402026295662,-0.033671896904706955,0.013346835039556026,-0.03862670063972473,0.012101649306714535,0.015240554697811604,0.010058766230940819,-0.018625903874635696,0.03310118988156319,-0.011180730536580086,0.013930515386164188,0.006342664826661348,-0.013982398435473442,0.009481570683419704,0.03473549336194992,0.006835551001131535,0.0040209125727415085,-0.039430882781744,-0.007490570656955242,-0.04407438635826111,0.026304548606276512,0.0035539676900953054,-0.027134673669934273,-0.026006223633885384,0.005869234912097454,0.00037878454895690084,-0.008301238529384136,-0.04122083634138107,0.03081834875047207,-0.0009890147484838963,0.028224211186170578,0.008469857275485992,-0.006501555908471346,-0.029313748702406883,-0.006566409487277269,-0.009170274250209332,-0.03481331840157509,0.08078143000602722,-0.01808113418519497,-0.018184900283813477,-0.00014784553786739707,0.021686986088752747,0.01367110200226307,-0.010564623400568962,-0.03548779338598251,0.033697839826345444,-0.05180491507053375,0.036681097000837326,0.004990471061319113,-0.006822580471634865,-0.004410033114254475,0.01893720030784607,0.006926345638930798,-0.017186157405376434,-0.007296010386198759,-0.0009509133524261415,-0.006628020200878382,-0.02853550761938095,0.013619218952953815,0.01604473777115345,0.0338016040623188,0.017328836023807526,0.053387340158224106,0.024553507566452026,0.022011252120137215,0.0519346222281456,-0.0017267224611714482,-0.03255641832947731,0.0379781648516655,-0.01937820389866829,0.03328277915716171,0.003456687554717064,-0.026369402185082436,0.004925617482513189,-0.014955200254917145,-0.1099914088845253,-0.011582821607589722,0.0019099334022030234,0.06511283665895462,0.01516273058950901,0.017108334228396416,0.010285753756761551,-0.015837207436561584,-0.0009209186537191272,0.024294093251228333,0.005026140715926886,0.012263783253729343,-0.0136581314727664,-0.007328437175601721,0.015020053833723068,-0.0030999938026070595,0.03790034353733063,-0.03911958634853363,0.019481969997286797,0.025435512885451317,0.02003970928490162,0.001716994447633624,0.057849254459142685,0.024903714656829834,-0.006378334481269121,-0.00015564821660518646,0.018535109236836433,-0.006271326448768377,0.010759183205664158,-0.015422144904732704,-0.00023955234792083502,-0.009617762640118599,0.0013189564924687147,0.02221878431737423,-0.005859506782144308,0.018210841342806816,0.03867858275771141,-0.013748926110565662,0.007698101457208395,-0.024722125381231308,0.0003603418590500951,0.0229062307626009,-0.021103303879499435,-0.012218385003507137,-0.016031766310334206,0.002102872356772423,-0.004731057211756706,0.03592879697680473,0.04013130068778992,-0.0441003292798996,0.011699558235704899,-0.014838463626801968,0.009877176955342293,-0.06210364028811455,-0.006199987605214119,-0.0032313219271600246,-0.011284495703876019,0.008430945686995983,-0.004779697395861149,-0.027056848630309105,-0.009170274250209332,-0.008631991222500801,-0.013042024336755276,-0.010811066254973412,-0.011719013564288616,-0.023917943239212036,-0.003887962782755494,0.01275018323212862,0.005376349203288555,-0.00978638231754303,-0.011498512700200081,-0.022076105698943138,0.0026476411148905754,0.002140162978321314,0.014397460967302322,0.03660327196121216,-0.027861030772328377,-0.028327975422143936,-0.03727775067090988,-0.038004107773303986,-0.008638476021587849,0.03470955416560173,-0.009617762640118599,-0.00029265109333209693,-0.03507273271679878,-0.00024887503241188824,-0.007737013511359692,-0.0018726426642388105,-0.017134275287389755,-0.015123819001019001,-0.016524652019143105,-0.02138865925371647,-0.0013197672087699175,-0.010065251961350441,-0.009261068888008595,-0.005217458121478558,-0.012594535015523434,0.002855172147974372,-0.03735557198524475,-0.013995368964970112,-0.024851832538843155,0.01201733946800232,-0.01599285565316677,0.014241811819374561,-0.004682417493313551,0.003023790894076228,0.013171730563044548,0.00020013362518511713,-0.028820862993597984,0.00887843407690525,-0.0022423071786761284,0.03569532558321953,0.0027708625420928,-0.008074251934885979,-0.0000967228043009527,0.016861891373991966,-0.031830061227083206,0.03922335058450699,-0.017679043114185333,-0.01058407872915268,-0.03245265409350395,0.0729990154504776,-0.03914552927017212,0.023009994998574257,0.022115018218755722,0.041609957814216614,0.0014129939954727888,-0.023671500384807587,-0.00795102957636118,0.027420029044151306,0.027004966512322426,0.035409972071647644,-0.0023314806167036295,0.046876054257154465,0.007594336289912462,0.032738007605075836,-0.04487857222557068,-0.018781552091240883,-0.02770538255572319,-0.023035936057567596,0.0320894755423069,-0.006268083583563566,-0.003615578403696418,0.037148043513298035,0.013930515386164188,0.0018888560589402914,0.034605786204338074,0.002722222590819001,-0.030014164745807648,0.00006834942905697972,-0.005788168404251337,-0.02111627534031868,0.0008029664750210941,0.0191058199852705,0.004604593385010958,0.010746212676167488,-0.002586030401289463,-0.015525910072028637,0.03195976838469505,-0.026667729020118713,-0.009040567092597485,0.003667461220175028,-0.03660327196121216,0.026538021862506866,-0.01731586456298828,0.016835948452353477,-0.041117072105407715,0.006770697422325611,-0.030610816553235054,0.012899346649646759,-0.023178614675998688,-0.007010655477643013,-0.02564304508268833,-0.0037355574313551188,0.0055384826846420765,0.04622752219438553,0.008936801925301552,0.0240087378770113,-0.010843493044376373,0.006647475995123386,-0.056967247277498245,0.01741963066160679,-0.006900404579937458,-0.02809450402855873,0.022997025400400162,0.02182966284453869,-0.013080935925245285,0.046876054257154465,0.011569851078093052,0.047317057847976685,0.0012346471194177866,0.001833730610087514,0.04228443279862404,0.0023898486979305744,-0.027523793280124664,0.0013367912033572793,-0.009598307311534882,0.030558934435248375,0.027082789689302444,-0.02456647716462612,-0.0007867531385272741,-0.008320694789290428,0.041168954223394394,0.013800809159874916,0.005846536252647638,0.003323737997561693,0.007302495650947094,0.013320893980562687,-0.006952287163585424,0.026032164692878723,-0.0007385183707810938,-0.016109591349959373,-0.01849619671702385,0.030896171927452087,0.0034599301870912313,0.00659559341147542,0.03302336484193802,-0.029806634411215782,0.0441003292798996,-0.0010133347241207957,-0.01849619671702385,-0.04225849360227585,0.013839720748364925,-0.031907886266708374,0.008573622442781925,0.008936801925301552,-0.05598147585988045,-0.04620157927274704,0.04036477208137512,0.025539278984069824,0.028250152245163918,-0.01007822249084711,0.016109591349959373,0.028483623638749123,-0.019430086016654968,0.03154470771551132,0.0020769310649484396,-0.00038081122329458594,-0.012276753783226013,-0.005626034457236528,-0.008774668909609318,-0.003943088464438915,-0.006271326448768377,0.005071538034826517,-0.01797736994922161,-0.011926544830203056,-0.02263384498655796,0.033594075590372086,-0.015798294916749,-0.00022050164989195764,-0.02949533797800541,0.01739368960261345,0.0071663036942481995,0.04015723988413811,0.016628418117761612,-0.01513678953051567,0.013684072531759739,-0.018379461020231247,0.004675931762903929,-0.022568991407752037,0.025215011090040207,-0.019339291378855705,0.008625505492091179,0.018651844933629036,-0.005110450088977814,0.04386685788631439,0.0580567866563797,0.007406261283904314,0.01342465914785862,0.020519623532891273,0.03608444705605507,-0.0387045256793499,0.012257297523319721,0.025487396866083145,-0.0038166241720318794,-0.030143871903419495,0.022620875388383865,0.017899544909596443,-0.05317980796098709,0.0338016040623188,0.02729032188653946,0.03561750054359436,0.025435512885451317,-0.019481969997286797,-0.00779538182541728,-0.010396003723144531,0.04936642944812775,0.03753716126084328,0.008301238529384136,0.018107077106833458,-0.026473168283700943,0.019040966406464577,0.03040328621864319,0.031363118439912796,0.005561181344091892,0.0007656757370568812,-0.027861030772328377,-0.031881943345069885,-0.007724042981863022,0.016913773491978645,0.022971082478761673,0.018898287788033485,-0.024709155783057213,0.017575278878211975,0.01582423597574234,-0.020571507513523102,-0.015071935951709747,-0.0063491505570709705,0.008301238529384136,-0.0017105090664699674,-0.003286447376012802,0.019832177087664604,0.024060621857643127,-0.0016926743555814028,0.026265637949109077,-0.03753716126084328,-0.03603256493806839,0.010830522514879704,-0.014527167193591595,-0.020830919966101646,-0.018703727051615715,0.04342585429549217,-0.011005626060068607,-0.02721249684691429,-0.030455168336629868,0.0061545902863144875,0.02243928611278534,0.027186555787920952,0.020662302151322365,-0.006167560815811157,-0.005600093398243189,-0.01343762967735529,0.0038263520691543818,0.006880948320031166,-0.008528225123882294,-0.030117930844426155,0.013009597547352314,-0.008651446551084518,0.03611038625240326,0.010532196611166,0.04365932568907738,-0.001464066095650196,0.04298485070466995,0.015953943133354187,0.05333545804023743,-0.012925287708640099,0.03206353262066841,0.02280246466398239,0.0022941899951547384,0.009909603744745255,0.0038490507286041975,0.003498842241242528,-0.028872745111584663,0.019066907465457916,-0.007853750139474869,-0.01320415735244751,-0.021297864615917206,-0.04934048652648926,-0.0013992126332595944,-0.0031470125541090965,0.005152604542672634,-0.012069222517311573,0.013346835039556026,0.0004637019883375615,0.004552710335701704,-0.012594535015523434,-0.022997025400400162,0.0004357339639682323,-0.022374432533979416,-0.048095300793647766,0.009922574274241924,-0.013930515386164188,0.02679743617773056,0.04716141149401665,0.014604991301894188,0.008443916216492653,0.018133018165826797,-0.00003232538074371405,-0.002070445567369461,0.007231156807392836,0.010875919833779335,0.005126663483679295,0.020117532461881638,0.00960479211062193,0.03701833635568619,-0.03636980056762695,-0.045475222170352936,-0.0091248769313097,0.011777382344007492,-0.0036739464849233627,0.0009873934322968125,0.01153742428869009,0.0044165183790028095,-0.020325062796473503,0.01697862707078457,-0.011719013564288616,-0.009228642098605633,0.02812044508755207,0.050404082983732224,0.005483357235789299,0.0042219581082463264,0.03151876479387283,0.007905632257461548,-0.005165575537830591,-0.001222487073391676,0.011167760007083416,0.0002511043567210436,0.034891143441200256,-0.007081993855535984,-0.025876516476273537,-0.0026638545095920563,0.021570248529314995,0.008229900151491165,0.013281981460750103,-0.011842235922813416,0.03953464701771736,-0.0014891967875882983,0.0021790750324726105,-0.014514196664094925,-0.028768979012966156,-0.009001655504107475,-0.018677785992622375,-0.011492026969790459,-0.027445970103144646,0.014306665398180485,0.006031368393450975,0.017912516370415688,-0.016810007393360138,0.023204555734992027,0.01651168242096901,0.006906889844685793,-0.012147046625614166,-0.015305408276617527,0.004374363459646702,-0.01712130382657051,0.013619218952953815,0.0011989776976406574,0.05411369726061821,-0.023671500384807587,0.011913574300706387,-0.03574720770120621,0.00041344057535752654,0.005340679548680782,-0.014786581508815289,0.00955290999263525,0.017549337819218636,-0.024514595046639442,0.012114619836211205,0.09951109439134598,-0.027497852221131325,0.006803124211728573,-0.008262326009571552,-0.004633777309209108,0.014397460967302322,0.019897030666470528,0.00047343000187538564,-0.022127989679574966,0.02015644498169422,-0.028457682579755783,0.008534710854291916,-0.001105750910937786,0.01152445375919342,0.024021709337830544,0.00659559341147542,0.013567336834967136,-0.02684931829571724,0.0182497538626194,0.010532196611166,0.002393091330304742,0.01252968143671751,0.0012938258005306125,0.014669844880700111,0.0009184866212308407,0.0004892380093224347,0.02812044508755207,0.008067766204476357,0.018807493150234222,0.009131362661719322,-0.01587611809372902,-0.042517904192209244,-0.009364834986627102,-0.024073591455817223,-0.06366012245416641,0.02564304508268833,0.012263783253729343,0.009916088543832302,0.041143015027046204,0.026615845039486885,-0.006115678232163191,0.002851929282769561,0.026745552197098732,0.006913375109434128,0.0034955996088683605,0.004536496941000223,-0.053854282945394516,0.008210443891584873,-0.02655099332332611,0.010901860892772675,0.01797736994922161,0.0055190264247357845,0.008547681383788586,-0.0018775067292153835,-0.04705764725804329,0.020091591402888298,0.021220041438937187,-0.013346835039556026,0.04975554719567299,0.014708757400512695,-0.007639733608812094,0.02310078963637352,0.05019655078649521,0.013956457376480103,0.006105950102210045,-0.017082393169403076,0.00769161619246006,0.005635762587189674,-0.032712068408727646,0.04142836853861809,-0.011420688591897488,0.004935345612466335,-0.012808552011847496,0.0195987056940794,-0.01339871808886528,0.013956457376480103,0.0020477469079196453,-0.007308980915695429,-0.0016075542662292719,-0.018094105646014214,0.012620477005839348,-0.008930317126214504,0.03032546117901802,-0.03175223618745804,-0.002454702276736498,-0.016083650290966034,0.01273721270263195,0.013333864510059357,0.009157303720712662,0.040209125727415085,-0.015461056493222713,0.015668587759137154,0.013100392185151577,-0.05945762246847153,0.016394946724176407,0.0014243433251976967,-0.027420029044151306,0.03507273271679878,-0.008534710854291916,-0.01687486097216606,0.009520483203232288,0.010065251961350441,-0.0038166241720318794,0.00071663036942482,-0.004802396055310965,0.022011252120137215,0.007827808149158955,0.006770697422325611,-0.018846405670046806,-0.0177568681538105,0.03813381493091583,-0.014125076122581959,0.003404804738238454,-0.0230229664593935,-0.025707898661494255,-0.022452255710959435,0.0034145328681916,0.01827569492161274,0.03914552927017212,-0.03374972194433212,0.009611277841031551,0.01132989302277565,0.010610020719468594,-0.00935834925621748,-0.011628218926489353,-0.004293296951800585,0.0176401324570179,-0.0038587788585573435,0.03302336484193802,0.004867249634116888,0.024047650396823883,0.008178017102181911,0.010006883181631565,0.04365932568907738,0.013061479665338993,0.026953084394335747,-0.03751122206449509,0.009715043008327484,0.005321223754435778,-0.0177568681538105,-0.04760241508483887,0.004228443372994661,0.006984713952988386,-0.0338016040623188,-0.02552630752325058,-0.012387004680931568,-0.03512461483478546,-0.014397460967302322,0.03219323977828026,0.009929059073328972,-0.025046393275260925,-0.010694329626858234,-0.023334262892603874,0.008975714445114136,0.029313748702406883,0.027134673669934273,0.03457984700798988,-0.04083171859383583,-0.01562967523932457,-0.02442380040884018,-0.036317918449640274,-0.021103303879499435,-0.017704986035823822,0.0006550195976160467,-0.01155039481818676,-0.04135054349899292,-0.01907987706363201,0.02503342181444168,-0.0029102973639965057,-0.044696979224681854,0.02116815745830536,0.04381497576832771,-0.049029190093278885,0.013580307364463806,0.019650587812066078,0.014540137723088264,0.007724042981863022,0.004043611232191324,-0.011394746601581573,-0.02447568252682686,-0.008333665318787098,0.040676068514585495,-0.01907987706363201,0.009475085884332657,0.006796638946980238,0.01275018323212862,-0.04054636135697365,-0.0046175639145076275,0.022594934329390526,0.0029200254939496517,-0.023009994998574257,-0.03079240582883358,0.010960228741168976,0.0017883331747725606,-0.0032750980462878942,-0.030455168336629868,-0.0007073076558299363,0.0025730596389621496,0.008249355480074883,0.038886114954948425,-0.0070560527965426445,-0.008709815330803394,-0.01252968143671751,0.020389916375279427,-0.005596850533038378,0.0006424542516469955,-0.002902190899476409,-0.0003984432260040194,0.0009419959969818592,0.036317918449640274,-0.0049223750829696655,-0.02690120041370392,0.028820862993597984,-0.013554366305470467,0.038860172033309937,-0.019663559272885323,-0.0021563763730227947,0.019858118146657944,0.027964796870946884,-0.02775726653635502,0.00036500318674370646,-0.009261068888008595,-0.040286947041749954,-0.0030010922346264124,-0.029158100485801697,-0.017717955633997917,0.025189070031046867,-0.00264601968228817,-0.003557210322469473,0.03328277915716171,-0.019663559272885323,-0.029780693352222443,0.0202083270996809,0.006060552783310413,0.008443916216492653,0.0004446512903086841,-0.00228770449757576,0.009630734100937843,-0.034138843417167664,0.032789893448352814,-0.03556561842560768,0.005963272415101528,0.0026314277201890945,-0.04879571869969368,-0.0022666272707283497,0.00660856394097209,0.015681559219956398,0.016187414526939392,0.016965655609965324,0.020753096789121628,0.01599285565316677,-0.004637019708752632,0.006118920631706715,-0.014384489506483078,-0.038496993482112885,0.053024161607027054,0.0037582560908049345,0.0073608639650046825,-0.02158321999013424,0.02459241822361946,0.003978757653385401,-0.005210972856730223,-0.027420029044151306,0.054736290127038956,-0.023087820038199425,-0.005758984014391899,-0.006443188060075045,0.023399116471409798,0.015435115434229374,0.010181987658143044,-0.03598067909479141,0.011907088570296764,-0.023632587864995003,0.04192125424742699,-0.0023606647737324238,0.008398518897593021,-0.015214613638818264,-0.002675203839316964,0.027420029044151306,-0.00300433486700058,-0.019832177087664604,0.006047581788152456,0.02439785934984684,-0.006666932255029678,-0.0004835633444599807,0.033671896904706955,0.01808113418519497,-0.01565561629831791,0.005450930446386337,-0.025928400456905365,0.044567275792360306,-0.0037809547502547503,0.004393819719552994,0.03240077197551727,-0.003618821268901229,0.0431145578622818,-0.021985311061143875,-0.023450998589396477,0.001749421120621264,0.021051421761512756,0.0226597860455513,-0.013113362714648247,-0.009475085884332657,-0.01907987706363201,-0.00891734566539526,0.0031129643321037292,0.010292238555848598,0.048614129424095154,-0.018924228847026825,0.008009398356080055,0.018755611032247543,0.004089008551090956,0.009455629624426365,0.035384029150009155,0.027471911162137985,0.01250374037772417,0.01317821629345417,0.046045932918787,0.018612932413816452,0.011946001090109348,0.018366489559412003,0.0028892201371490955,0.015331350266933441,0.02447568252682686,0.030532993376255035,0.04171372205018997,-0.003143769921734929,0.007788896560668945,0.012121105566620827,-0.012523196637630463,0.0409095399081707,0.017108334228396416,-0.01562967523932457,-0.004114950075745583,0.00780835235491395,0.029599104076623917,-0.02467024326324463,0.020973598584532738,-0.017964398488402367,0.01321712788194418,-0.002655747812241316,-0.027809148654341698,-0.000019823361071757972,0.037563104182481766,-0.03294553980231285,0.026239696890115738,0.024722125381231308,0.03027357906103134,0.015798294916749,0.010811066254973412,-0.031025879085063934,0.05468440800905228,0.030999938026070595,0.012990141287446022,-0.029261866584420204,-0.0167840663343668,0.0023266165517270565,-0.02246522717177868,0.014851434156298637,0.03203759342432022,-0.06111786887049675,-0.00913784746080637,-0.004964529536664486,0.020792007446289062,0.010895375162363052,0.006209715735167265,-0.055670179426670074,-0.017263982445001602,-0.002639534417539835,0.016278209164738655,0.015785323455929756,-0.045086100697517395,0.027523793280124664,-0.02136271819472313,-0.014994111843407154,-0.012451857328414917,0.019974855706095695,0.028872745111584663,-0.025785721838474274,0.0027481638826429844,0.01364516094326973,-0.005690888036042452,0.0335681326687336,-0.02368447184562683,0.012302694842219353,-0.014034281484782696,-0.008593078702688217,-0.023866061121225357,-0.016109591349959373]');
INSERT INTO `faqs` (`id`, `question`, `answer`, `embedding`) VALUES
(3, 'Do you offer grooming services?', 'Yes, we offer grooming for dogs and cats including bathing, trimming, and nail care.', '[-0.030232492834329605,0.011506293900310993,0.041414372622966766,0.011099052615463734,-0.03953692317008972,0.007578830700367689,-0.0300116166472435,0.04596995562314987,0.002025853144004941,0.049531590193510056,0.019961727783083916,-0.03398739546537399,0.022432785481214523,-0.008814359083771706,-0.0022208457812666893,0.03302106261253357,-0.01416371576488018,0.005632354877889156,0.0034218626096844673,0.05245820805430412,0.042297881096601486,0.008931700140237808,-0.007806609384715557,-0.02702978067100048,0.0030284260865300894,0.024751991033554077,0.009842815808951855,-0.031005561351776123,0.023371512070298195,-0.017932424321770668,0.009166381321847439,-0.03901233896613121,-0.03531265631318092,-0.027761435136198997,-0.017821986228227615,0.00022713195357937366,0.01847081072628498,0.029487034305930138,0.02656041830778122,0.010712518356740475,0.005963670089840889,-0.029238548129796982,0.022971173748373985,-0.04555581137537956,-0.016510531306266785,0.03522982820868492,0.005521916784346104,-0.023054001852869987,0.027623387053608894,-0.01757350005209446,-0.0024158384185284376,0.0118238041177392,-0.01287296786904335,0.010470934212207794,-0.021356012672185898,-0.016110191121697426,0.018167104572057724,-0.06554514914751053,-0.02142503671348095,0.003658269764855504,-0.015668438747525215,-0.03525743633508682,0.04944876208901405,0.044423818588256836,-0.04875852167606354,0.021701132878661156,-0.011837608180940151,0.024807211011648178,-0.04414772242307663,-0.024517308920621872,0.04980768635869026,-0.017062721773982048,0.010726323351264,-0.0034632771275937557,0.002479685703292489,0.01027076505124569,-0.030287712812423706,0.017794376239180565,0.014702103100717068,0.06499295681715012,-0.01594453491270542,-0.006850627716630697,-0.010767737403512001,0.03611333295702934,-0.04130393639206886,0.013073137030005455,-0.03826688230037689,-0.018967783078551292,-0.04025477170944214,0.03997867554426193,0.032800182700157166,0.02868635579943657,-0.03832210227847099,-0.011257807724177837,0.06526905298233032,-0.001251059235073626,0.026063445955514908,0.0034770818892866373,-0.006381264887750149,0.016786625608801842,0.013224990107119083,-0.04158003255724907,-0.019630413502454758,0.023026391863822937,0.06913439184427261,-0.04108306020498276,-0.021314598619937897,0.022170495241880417,0.0014805638929829001,-0.01026386208832264,-0.05091207101941109,-0.052044063806533813,0.012790138833224773,-0.023730436339974403,0.014205130748450756,0.017297403886914253,0.016151605173945427,-0.0005336414906196296,-0.03992345556616783,-0.028548307716846466,0.018940173089504242,0.007744487840682268,-0.028493089601397514,-0.0688030794262886,-0.005718634929507971,0.02096947841346264,-0.031060781329870224,-0.026436176151037216,-0.03564397245645523,-0.035340264439582825,-0.0018532932735979557,-0.045279715210199356,0.026698466390371323,-0.036610305309295654,-0.03130926564335823,-0.045638639479875565,-0.03313149884343147,0.005732439458370209,-0.041800908744335175,0.0774172693490982,0.060685861855745316,0.0008869578596204519,-0.027361096814274788,-0.020693382248282433,-0.026808904483914375,-0.03382173925638199,-0.02106611244380474,-0.003332131542265415,-0.038763854652643204,-0.02395131252706051,-0.0386810265481472,0.0038791464176028967,-0.05110533908009529,-0.016634773463010788,-0.03337998688220978,0.011457976885139942,0.00038437717012129724,0.03928843513131142,-0.019147245213389397,0.03222038224339485,0.009635744616389275,-0.011057637631893158,-0.02403414249420166,-0.018967783078551292,-0.014964394271373749,-0.041441984474658966,0.018691686913371086,0.028990061953663826,0.012341483496129513,-0.043070949614048004,0.04342987388372421,0.005180248059332371,-0.0009430398349650204,0.009332039393484592,0.010167228989303112,-0.005318295676261187,0.006850627716630697,0.01753208599984646,0.005076711997389793,0.017366427928209305,-0.009918742813169956,0.034070223569869995,-0.007834219373762608,-0.013376843184232712,-0.017242183908820152,-0.005249272100627422,0.03561636060476303,-0.028962451964616776,-0.03611333295702934,0.05229254812002182,-0.017435451969504356,0.013611524365842342,-0.011616731993854046,-0.014205130748450756,0.01455025002360344,-0.011948047205805779,0.028065141290426254,-0.05107772722840309,-0.06808523088693619,-0.01134063582867384,0.02654661424458027,0.0020413834135979414,0.03354564309120178,-0.003182004438713193,0.02009977586567402,0.027292072772979736,-0.06918961554765701,-0.03360086306929588,-0.017255989834666252,-0.052154503762722015,0.01971324160695076,-0.002070718677714467,-0.02012738585472107,0.03950931131839752,-0.02141123078763485,-0.042656805366277695,-0.02356477826833725,0.0007890301058068871,-0.0063674598932266235,0.007772097364068031,0.005559879820793867,-0.02403414249420166,0.06355725973844528,0.06294985115528107,0.0644407644867897,-0.002238101791590452,0.05058075487613678,-0.037107277661561966,0.010553763248026371,-0.02490384317934513,-0.03614094480872154,0.018291348591446877,0.003511593909934163,0.03332476690411568,-0.06587646156549454,0.01626204513013363,-0.034153055399656296,0.013770279474556446,0.044810354709625244,-0.026353346183896065,0.012734919786453247,0.0006078422302380204,-0.00525272311642766,0.049918126314878464,0.03906755894422531,-0.018677882850170135,-0.012603774666786194,-0.08790890872478485,0.01925768330693245,-0.01888495497405529,-0.006781603675335646,-0.002250181045383215,0.026049641892313957,-0.03721771761775017,0.008448532782495022,0.013873815536499023,-0.011375147849321365,-0.006829920690506697,-0.0096495496109128,-0.012665895745158195,0.05869797244668007,-0.03136448562145233,0.012576164677739143,0.006156936753541231,-0.000981865799985826,0.025925397872924805,0.0028472382109612226,-0.0018222325015813112,-0.013252600096166134,0.0556609183549881,-0.04066891595721245,0.0069265542551875114,0.02437926083803177,-0.012603774666786194,0.01751828007400036,-0.026394762098789215,-0.0006117247976362705,0.01887114904820919,0.02447589486837387,-0.03658269718289375,-0.03390456736087799,-0.012955796904861927,0.04199417680501938,-0.05091207101941109,-0.029072890058159828,0.021701132878661156,0.013024820946156979,-0.032303210347890854,-0.0020224018953740597,0.03481568396091461,0.04039281979203224,-0.010850566439330578,0.028465479612350464,-0.01390832755714655,0.027264462783932686,-0.036278992891311646,0.010891980491578579,0.03978540748357773,0.06918961554765701,0.04113828018307686,0.001377890701405704,0.09315473586320877,-0.03186145797371864,0.01048473920673132,-0.0686926394701004,0.00396197522059083,0.02965269237756729,0.0005081889103166759,0.04884135350584984,-0.037935566157102585,-0.007068053353577852,-0.0036065017338842154,-0.012162021361291409,-0.04196656495332718,0.014826346188783646,-0.003803220111876726,-0.025138525292277336,0.09083552658557892,0.0009663354139775038,-0.061127617955207825,0.03095034323632717,0.00033433479256927967,-0.055495262145996094,0.012134411372244358,-0.05367302894592285,-0.033214326947927475,0.033214326947927475,-0.006895493250340223,0.017821986228227615,-0.006146583240479231,0.06576602905988693,-0.002957676537334919,-0.031115999445319176,0.0471295565366745,-0.015627024695277214,0.009580525569617748,-0.01007749792188406,-0.02740251086652279,0.020431092008948326,-0.024986673146486282,-0.06576602905988693,-0.03928843513131142,-0.03128165751695633,0.013825498521327972,-0.030591417104005814,0.04895178973674774,0.05193362385034561,0.05312083661556244,0.0005642708274535835,0.05786968395113945,0.0257597416639328,0.0192438792437315,0.006253570318222046,-0.026919342577457428,-0.004082766827195883,0.009635744616389275,0.049062229692935944,0.0069886757992208,-0.02622910402715206,-0.0018325860146433115,0.0012985131470486522,0.032883014529943466,0.01594453491270542,0.016883259639143944,0.0063674598932266235,0.03945409506559372,0.017048917710781097,0.0031785531900823116,0.0343739315867424,-0.005390771199017763,0.023909898474812508,0.04834438115358353,0.04978007823228836,0.00815863162279129,0.039205607026815414,0.011996363289654255,0.02268127165734768,0.019092027097940445,0.03732815757393837,-0.003187181195244193,0.03456719592213631,0.015668438747525215,0.028023727238178253,-0.004600446671247482,0.0007696170941926539,0.022612247616052628,-0.039205607026815414,0.02530418336391449,-0.004752299282699823,-0.004455496557056904,0.018719296902418137,-0.07355193048715591,-0.0063260458409786224,-0.0069092982448637486,-0.013618426397442818,-0.0005276018637232482,-0.03139209747314453,0.04169046878814697,-0.0149781983345747,-0.012755626812577248,-0.02482101507484913,-0.024241214618086815,-0.0004050843417644501,-0.018332762643694878,-0.04003389552235603,0.008738433010876179,-0.06510339677333832,0.01112666167318821,0.005687573924660683,-0.02910050004720688,-0.014232739806175232,-0.026436176151037216,0.018208520486950874,0.027968507260084152,-0.01325950212776661,-0.018664078786969185,-0.002997365314513445,-0.01588931493461132,0.0428224615752697,-0.02105230651795864,0.018581248819828033,0.0023088513407856226,0.029072890058159828,-0.026394762098789215,-0.010650396347045898,-0.042601585388183594,-0.037521421909332275,-0.010539958253502846,-0.029928788542747498,-0.012520945630967617,-0.027802849188447,0.03006683476269245,0.03746620565652847,-0.005435636732727289,-0.05179557576775551,-0.042601585388183594,0.02142503671348095,0.057317495346069336,0.034070223569869995,0.0004411062109284103,-0.0019292195793241262,-0.017670132219791412,-0.01241740956902504,0.01760110817849636,-0.04376119002699852,-0.015419951640069485,-0.0013373391702771187,0.02099708840250969,-0.04384401813149452,-0.032827794551849365,0.022929757833480835,0.031971897929906845,-0.052485816180706024,0.050000954419374466,0.01626204513013363,-0.0005879978416487575,0.02181157097220421,0.027982311323285103,0.03553353250026703,-0.05359020084142685,0.0642198920249939,0.027664801105856895,0.03776990994811058,0.019878899678587914,-0.012838455848395824,0.003685879288241267,-0.06515861302614212,0.02309541590511799,-0.04884135350584984,-0.016786625608801842,0.0011535629164427519,0.009725475683808327,0.013224990107119083,-0.008365703746676445,-0.0035823434591293335,0.026035835966467857,0.021121330559253693,0.007171588949859142,0.018567444756627083,-0.013121454045176506,0.003087096381932497,-0.01481254119426012,0.009304429404437542,0.00738556357100606,0.04414772242307663,-0.06184546649456024,-0.01289367489516735,0.03763186186552048,0.006874786224216223,0.008835066109895706,-0.018719296902418137,0.03680357336997986,0.022584639489650726,-0.015627024695277214,-0.005390771199017763,0.039205607026815414,0.015958338975906372,0.014646884053945541,-0.04169046878814697,-0.0022484553046524525,-0.0685822069644928,-0.011168076656758785,-0.0005017179064452648,0.02185298502445221,0.0014426007401198149,-0.01751828007400036,-0.025607887655496597,0.01500580832362175,0.02266746759414673,0.0017212849343195558,-0.046494536101818085,0.04412011429667473,-0.03909517079591751,0.015102441422641277,-0.015419951640069485,-0.018746906891465187,0.011485586874186993,0.01350108627229929,-0.02617388404905796,-0.00009226561815012246,0.007654756773263216,0.030729465186595917,0.0278994832187891,-0.03465002775192261,0.01330781914293766,-0.026449980214238167,-0.04793023690581322,-0.055136337876319885,-0.009124967269599438,0.0026729528326541185,0.0213974267244339,-0.029017671942710876,-0.009242307394742966,0.022170495241880417,0.0027851166669279337,0.006146583240479231,0.009511501528322697,0.02876918576657772,-0.0038239271380007267,0.0004861874913331121,0.016482921317219734,0.04030999168753624,-0.0034149603452533484,0.022184299305081367,0.010229350067675114,-0.030232492834329605,-0.011195685714483261,-0.04983529821038246,0.008883383125066757,-0.00022562206140719354,0.005056004971265793,0.010208643041551113,0.018664078786969185,0.05502589792013168,0.04536254331469536,-0.014246544800698757,-0.014060179702937603,-0.003287266008555889,0.039150387048721313,0.010346691124141216,0.029321376234292984,-0.007068053353577852,0.036720745265483856,0.005159540567547083,0.007834219373762608,0.038377318531274796,0.022957367822527885,-0.029790740460157394,-0.0015409598127007484,-0.006995577830821276,0.017835790291428566,0.022432785481214523,-0.006702226120978594,-0.009601232595741749,0.03050858899950981,0.030342930927872658,0.03130926564335823,-0.02223951928317547,0.006364008877426386,-0.026905538514256477,-0.012058485299348831,-0.008945505134761333,0.019602803513407707,0.004707433748990297,-0.04641170799732208,0.01633106730878353,0.013991155661642551,0.02752675488591194,0.039260827004909515,0.0471571683883667,0.02065196819603443,-0.0016513981390744448,-0.035782020539045334,0.013052430003881454,-0.004148339852690697,-0.03384934738278389,-0.037990786135196686,-0.020500116050243378,-0.013169771060347557,-0.0027402511332184076,0.020762406289577484,0.01004988793283701,0.0041207303293049335,0.005414929240942001,-0.01804286241531372,0.003176827682182193,-0.006374362390488386,-0.06212156265974045,0.017504476010799408,0.03917799890041351,0.011789292097091675,-0.013625329360365868,-0.022612247616052628,-0.039205607026815414,0.004886896349489689,0.016966087743639946,-0.03683118522167206,0.008103412576019764,0.018760710954666138,-0.02694695256650448,0.022902149707078934,0.010864370502531528,0.006281180307269096,-0.011740975081920624,-0.011658146046102047,0.013866912573575974,0.025387011468410492,-0.026408566161990166,-0.027554363012313843,0.011078344658017159,-0.010671103373169899,-0.00418630288913846,0.019519975408911705,0.009635744616389275,0.00966335367411375,-0.02656041830778122,0.018263738602399826,0.005867036525160074,-0.014936784282326698,-0.008683213964104652,-0.01844320073723793,-0.06626299768686295,-0.000022972035367274657,-0.012797041796147823,0.018608858808875084,0.023440536111593246,0.0023709728848189116,0.061458930373191833,0.034926123917102814,0.01668999344110489,0.002469331957399845,-0.04754370078444481,-0.0033476618118584156,-0.045693859457969666,0.005235467106103897,0.008075802586972713,-0.004769555293023586,0.0010767737403512,-0.04624605178833008,0.016828041523694992,-0.022460395470261574,0.019064417108893394,-0.0033148755319416523,0.011499390937387943,0.04591473564505577,0.026891734451055527,-0.0048351283185184,0.006384715903550386,-0.007979169487953186,0.011078344658017159,0.0026401663199067116,0.055108726024627686,0.04453425854444504,-0.008303581736981869,0.016054973006248474,0.00034964949009008706,0.01849842071533203,-0.03387695923447609,0.023896094411611557,-0.018194714561104774,-0.03746620565652847,0.00022022955818101764,-0.010491641238331795,0.024089360609650612,0.01543375663459301,-0.01047783624380827,0.0075098066590726376,0.007475294638425112,0.012714212760329247,0.020803820341825485,0.005949865095317364,-0.0016815961571410298,0.029266158118844032,-0.019381927326321602,-0.004548678640276194,0.040116723626852036,-0.02487623319029808,0.006067205686122179,-0.016924673691391945,-0.036693137139081955,0.0005642708274535835,-0.032413650304079056,0.02698836661875248,-0.009794499725103378,0.0047971648164093494,0.0011216392740607262,-0.016427701339125633,0.0032234187237918377,0.032883014529943466,0.0019568291027098894,-0.01754589006304741,0.00438992353156209,-0.00773068331182003,0.02051392011344433,-0.009504598565399647,0.003180278930813074,-0.029017671942710876,-0.025456035509705544,0.028824403882026672,-0.011513195931911469,-0.0214802548289299,0.03395978733897209,-0.01587551087141037,-0.046135611832141876,0.015130051411688328,0.03172340989112854,-0.017062721773982048,-0.014536445029079914,0.0037100377958267927,-0.021535474807024002,-0.014646884053945541,0.004324350971728563,0.003266558749601245,0.025953007861971855,-0.016869455575942993,0.047322824597358704,0.006840274203568697,-0.03804600611329079,-0.03992345556616783,-0.040917400270700455,0.03205472603440285,0.022570833563804626,0.018208520486950874,-0.0026298128068447113,0.014895370230078697,0.014660688117146492,-0.0018343116389587522,0.03263452649116516,-0.018691686913371086,0.029514644294977188,0.03572680056095123,0.011457976885139942,-0.04580429941415787,0.010470934212207794,-0.025442231446504593,-0.0020793466828763485,0.01477112714201212,-0.020003141835331917,0.007468392141163349,-0.01580648683011532,-0.020500116050243378,-0.014867760241031647,-0.0344567596912384,0.025814959779381752,0.015627024695277214,-0.008924798108637333,0.03649986907839775,-0.0076340497471392155,0.036251381039619446,-0.033269546926021576,0.017683938145637512,0.012707310728728771,-0.02138362266123295,0.03467763587832451,0.03556114435195923,-0.006191448774188757,0.012886772863566875,0.008089607581496239,-0.003475356148555875,0.007433880120515823,0.0688030794262886,-0.019547585397958755,0.025552669540047646,-0.04572146758437157,-0.05052553489804268,-0.004652214702218771,0.009801401756703854,-0.005342454183846712,-0.008248362690210342,-0.0072475154884159565,-0.02280551567673683,-0.005363161675632,0.007109467405825853,-0.03263452649116516,-0.0033407595474272966,-0.04191134497523308,-0.003872243920341134,-0.03644464910030365,-0.008552067913115025,0.027623387053608894,-0.016883259639143944,-0.01524048950523138,0.022460395470261574,-0.0058739385567605495,0.014522640965878963,-0.002990463050082326,0.010153423994779587,-0.02059674821794033,-0.022902149707078934,0.024116970598697662,0.0047350432723760605,0.05748315155506134,-0.0037721593398600817,-0.025193743407726288,0.011837608180940151,0.009608134627342224,0.02099708840250969,-0.011547707952558994,-0.005311393644660711,-0.00556678231805563,0.054722193628549576,-0.013887620531022549,0.020914258435368538,0.02019640989601612,-0.0032751867547631264,0.004189754370599985,0.006602141540497541,-0.015226684510707855,0.004220814909785986,-0.0033545643091201782,0.010325984098017216,0.01412230171263218,0.013356135226786137,-0.00789634045213461,0.014992003329098225,-0.026270518079400063,0.014218934811651707,-0.014522640965878963,-0.016897065564990044,-0.016151605173945427,0.027540558949112892,-0.03387695923447609,0.060244109481573105,0.010622787289321423,-0.026822710409760475,0.011161173693835735,-0.009173284284770489,0.023868484422564507,0.026684662327170372,0.0047799088060855865,-0.02101089246571064,0.013155966065824032,-0.023040195927023888,0.004531422629952431,-0.021590692922472954,0.03244125843048096,0.0039654262363910675,-0.0017238733125850558,-0.01755969412624836,-0.007854926399886608,-0.011071442626416683,0.012714212760329247,0.009104260243475437,0.006039596162736416,-0.01979607157409191,-0.0050594559870660305,0.020707186311483383,-0.017808180302381516,-0.029348986223340034,0.011499390937387943,-0.061569370329380035,-0.009987766854465008,-0.01134063582867384,-0.0342911034822464,0.020293043926358223,0.0010871273698285222,0.012520945630967617,0.006930005270987749,-0.012237947434186935,-0.00016684384900145233,0.016855649650096893,0.028410261496901512,-0.011057637631893158,0.02701597660779953,-0.016993697732686996,0.010974809527397156,0.01675901748239994,0.03721771761775017,0.01203087531030178,0.0071370769292116165,0.023840874433517456,0.04320899769663811,0.0471571683883667,0.012086095288395882,0.0007489099516533315,0.009276819415390491,0.00558748934417963,0.008489946834743023,-0.028216993436217308,0.001891256426461041,0.003202711697667837,0.03779751807451248,-0.04025477170944214,-0.018705492839217186,0.007537416182458401,-0.008296679705381393,-0.03652747720479965,0.014246544800698757,0.00016619673988316208,-0.011105954647064209,-0.009904937818646431,-0.0012855712557211518,-0.030204882845282555,0.013452769257128239,-0.0017739157192409039,0.021107526496052742,-0.022612247616052628,0.06090673804283142,0.0043968260288238525,-0.003820476122200489,0.0033769970759749413,0.008503751829266548,-0.00940106250345707,-0.03948170319199562,0.003475356148555875,-0.027236852794885635,0.019409537315368652,0.049117449671030045,0.023247268050909042,-0.035340264439582825,-0.014729712158441544,0.009276819415390491,0.013935936614871025,-0.003511593909934163,0.03556114435195923,-0.0171869657933712,0.013314721174538136,-0.0070749553851783276,-0.02280551567673683,0.020928064361214638,-0.013790986500680447,-0.0004641861014533788,-0.004324350971728563,-0.049062229692935944,0.002277790568768978,0.01758730411529541,-0.00526307662948966,-0.018139496445655823,-0.0046763732098042965,-0.04577668756246567,0.008690115995705128,0.009842815808951855,0.01411539874970913,-0.027720021083950996,0.00470398273319006,-0.017766766250133514,0.019989337772130966,0.022570833563804626,-0.02410316653549671,-0.02190820313990116,-0.025856373831629753,0.0005025806603953242,0.02527657337486744,0.03605811670422554,-0.011457976885139942,0.03683118522167206,0.027112610638141632,0.0001767660432960838,0.017283597961068153,0.021176550537347794,-0.037079669535160065,0.08879242092370987,-0.013749572448432446,-0.01352179329842329,0.015668438747525215,0.0048454818315804005,0.014729712158441544,0.04944876208901405,-0.003861890407279134,0.029790740460157394,0.007330344058573246,0.011168076656758785,0.023702826350927353,0.014301763847470284,-0.034070223569869995,0.018608858808875084,0.03484329208731651,0.007482197135686874,-0.019216269254684448,0.004148339852690697,0.042187441140413284,0.03360086306929588,0.017490670084953308,0.008655603975057602,0.015958338975906372,0.010574470274150372,-0.012182728387415409,0.00882816407829523,0.004652214702218771,0.007958462461829185,-0.0016884985379874706,-0.013728865422308445,0.034539587795734406,-0.00021602341439574957,0.002255357801914215,-0.019809875637292862,0.013190478086471558,0.021977227181196213,0.034539587795734406,-0.03959214314818382,-0.022653663530945778,0.012217240408062935,0.055467650294303894,0.05629593878984451,0.005559879820793867,0.010112009942531586,0.012672798708081245,-0.0014486402506008744,-0.03086751326918602,-0.010236253030598164,0.0004986980929970741,0.013452769257128239,-0.020279238000512123,0.009697865694761276,-0.005294137634336948,-0.023758046329021454,0.03953692317008972,-0.023495754227042198,0.03776990994811058,-0.012665895745158195,0.010008473880589008,-0.0019326708279550076,0.02404794655740261,0.021535474807024002,-0.0008127571200020611,-0.01751828007400036,-0.0031388644129037857,-0.003665172029286623,0.008420922793447971,0.040475647896528244,0.007792804855853319,0.0019775363616645336,0.02707119658589363,-0.0005073260981589556,0.022833125665783882,0.014564055018126965,-0.005218211095780134,-0.015171465463936329,-0.0013692626962438226,0.003306247526779771,0.031060781329870224,-0.028465479612350464,-0.004579739645123482,-0.0021915107499808073,0.038791462779045105,0.021217964589595795,-0.0003800631675403565,-0.03691401332616806,-0.0385981984436512,0.007841121405363083,-0.03975779935717583,0.026684662327170372,-0.006529666483402252,0.013438964262604713,-0.009304429404437542,-0.017849596217274666,0.0025797702837735415,0.009773792698979378,0.0005927432212047279,-0.00900072418153286,0.04191134497523308,0.023247268050909042,0.08674930781126022,0.007012833841145039,-0.018277544528245926,0.00450036209076643,0.016123997047543526,-0.035754408687353134,0.004103474318981171,0.035837236791849136,0.029293768107891083,0.01852603070437908,-0.06493774056434631,0.01888495497405529,-0.021604498848319054,-0.012486433610320091,-0.0014184423489496112,0.03892951086163521,0.008317386731505394,0.0007609891472384334,-0.011409659869968891,0.0016004929784685373,0.03216516226530075,0.029017671942710876,-0.006674616597592831,-0.02700217254459858,0.05913972482085228,0.029514644294977188,-0.00013492026482708752,0.03785273805260658,-0.007157784420996904,0.019133441150188446,0.020472506061196327,0.009483891539275646,0.0008170710643753409,-0.0018809027969837189,0.02312302589416504,0.012569262646138668,0.00759953772649169,0.0040275477804243565,0.0036099529825150967,-0.016510531306266785,0.013839303515851498,-0.0009930821834132075,-0.0021535474807024,0.0006065480411052704,-0.008055095560848713,0.023343902081251144,0.002043109154328704,0.019023003056645393,-0.009290624409914017,0.01888495497405529,0.007454587146639824,-0.019381927326321602,0.0033545643091201782,0.002704013604670763,-0.030260102823376656,-0.005207857582718134,0.011471781879663467,-0.0011535629164427519,0.033241938799619675,-0.011727170087397099,0.009967059828341007,-0.026505200192332268,0.007799707353115082,-0.007696171291172504,0.026311932131648064,-0.020237823948264122,0.014177520759403706,-0.04500361904501915,0.023896094411611557,-0.004048255272209644,-0.025511253625154495,-0.020444896072149277,-0.008579677902162075,0.00472468975931406,-0.018705492839217186,0.11088008433580399,-0.006974870804697275,0.005173345562070608,-0.04235310107469559,-0.0030456820968538523,-0.0034650026354938745,-0.039619751274585724,-0.022612247616052628,-0.01225175242871046,0.0012338032247498631,-0.02610486000776291,0.006892042234539986,-0.024199798703193665,-0.0062639242969453335,0.0344291515648365,-0.01634487323462963,-0.00041155534563586116,0.0018446652684360743,-0.0027126416098326445,0.01268660370260477,-0.007009382825344801,-0.011658146046102047,-0.00459354417398572,0.006557276006788015,-0.01285226084291935,-0.020872844383120537,0.01330781914293766,0.010829858481884003,0.0344567596912384,-0.01160982996225357,-0.0022829673252999783,-0.013004113920032978,0.022943563759326935,-0.007019736338406801,0.014853955246508121,-0.011851413175463676,-0.017449256032705307,0.025138525292277336,-0.001647084136493504,-0.0034322163555771112,0.023854680359363556,0.016993697732686996,0.009297527372837067,-0.009580525569617748,0.004583190660923719,0.03395978733897209,-0.00706115085631609,0.011105954647064209,0.0024261921644210815,-0.024779601022601128,0.001851567649282515,0.011244002729654312,-0.010602080263197422,-0.002978383796289563,0.005725537426769733,-0.004879993852227926,0.0038411831483244896,0.002245004288852215,0.01117497868835926,0.004300192464143038,0.0032234187237918377,0.010850566439330578,0.022902149707078934,0.016455311328172684,0.033628471195697784,0.008317386731505394,-0.01668999344110489,0.013204283080995083,-0.00985662080347538,-0.011119759641587734,0.009801401756703854,0.04149720445275307,-0.004541776143014431,0.018125690519809723,-0.006222509779036045,0.03315911069512367,-0.026242908090353012,0.015350927598774433,0.01796003431081772,-0.05607506260275841,-0.008510653860867023,-0.011547707952558994,0.05693095922470093,-0.032027117908000946,0.011934242211282253,0.019588999450206757,-0.038404930382966995,0.018636468797922134,0.014260349795222282,0.03216516226530075,-0.0386258065700531,0.02225332334637642,0.014508835971355438,-0.033573251217603683,-0.030177274718880653,-0.004514166619628668,-0.018512224778532982,0.014715908095240593,-0.05458414554595947,-0.025925397872924805,0.03462241590023041,-0.03293823078274727,-0.01760110817849636,0.007261320482939482,0.008655603975057602,-0.034484367817640305,0.038791462779045105,0.017904814332723618,0.01837417669594288,-0.04025477170944214,0.007123272400349379,-0.02407555654644966,-0.02741631492972374,-0.007254417985677719,-0.008034388534724712,0.011782389134168625,0.03636182099580765,0.016952283680438995,0.03989584743976593,-0.015682242810726166,0.04641170799732208,0.03473285585641861,0.03003922663629055,0.014287958852946758,-0.01332852616906166,-0.04591473564505577,0.02651900425553322,0.009608134627342224,0.011105954647064209,0.033214326947927475,-0.020734796300530434,-0.008821262046694756,0.020389676094055176,0.014274153858423233,-0.01500580832362175,-0.010691811330616474,-0.025925397872924805,0.026808904483914375,-0.00024158385349437594,0.001789446105249226,-0.01244501955807209,0.0041207303293049335,0.014702103100717068,0.005093968007713556,-0.017421646043658257,-0.00027523303288035095,-0.010967906564474106,-0.039702579379081726,-0.012431214563548565,0.030674247071146965,-0.030094444751739502,0.03522982820868492,-0.013231892138719559,0.01311455201357603,0.0003669054713100195,0.029790740460157394,0.037107277661561966,0.030701855197548866,-0.020417286083102226,-0.02226712927222252,0.0011104228906333447,-0.014909174293279648,-0.008213850669562817,0.021991033107042313,0.026698466390371323,0.009311331436038017,-0.004624605178833008,0.030094444751739502,0.02315063588321209,-0.020293043926358223,-0.02524896338582039,-0.004089669324457645,-0.02696075849235058,0.019961727783083916,-0.02876918576657772,0.001801525242626667,-0.019050613045692444,0.05886363238096237,0.012382897548377514,-0.028548307716846466,0.024751991033554077,0.03089512325823307,-0.027678607031702995,0.017766766250133514,-0.011844511143863201,-0.019409537315368652,0.014619274064898491,-0.0023882288951426744,0.010553763248026371,0.019878899678587914,-0.00878675002604723,-0.05532960221171379,0.016082581132650375,-0.0008610738441348076,0.02406175062060356,0.0004525383119471371,0.033738911151885986,0.02567691169679165,0.022915953770279884,-0.018125690519809723,-0.02181157097220421,-0.02098328247666359,-0.013383745215833187,0.017725352197885513,-0.0058911945670843124,0.005746244452893734,-0.004931761883199215,0.023702826350927353,-0.016869455575942993,0.012962698936462402,-0.00019283567962702364,-0.02188059501349926,0.01968563161790371,0.003613404231145978,0.004410631023347378,-0.021273182705044746,-0.01155460998415947,0.03130926564335823,0.004465850070118904,0.01680043153464794,-0.01974085159599781,-0.039619751274585724,-0.017297403886914253,0.01416371576488018,-0.03166818991303444,-0.03398739546537399,0.037024449557065964,-0.033573251217603683,0.015143856406211853,0.03161297366023064,-0.01841559261083603,0.005777304992079735,0.005970572121441364,-0.01637248322367668,0.0033752715680748224,0.024351652711629868,-0.014522640965878963,-0.036720745265483856,-0.015406147576868534,0.010816054418683052,-0.004269131924957037,-0.0053355516865849495,0.015392342582345009,0.0014434634940698743,0.011513195931911469,0.009256112389266491,-0.026698466390371323,-0.016441507264971733,-0.021632108837366104,-0.037990786135196686,0.009891132824122906,0.027664801105856895,0.0035046914126724005,0.013190478086471558,-0.0193405132740736,-0.03139209747314453,0.005414929240942001,0.005949865095317364,-0.0037169400602579117,-0.006823018193244934,0.009932547807693481,0.0024227409157902002,0.02141123078763485,-0.0011449349112808704,-0.01478493120521307,0.005307942163199186,-0.004514166619628668,-0.006084461696445942,0.014101594686508179,0.02056914009153843,-0.031557753682136536,-0.025497449561953545,0.010001570917665958,-0.021728741005063057,-0.025635497644543648,-0.027292072772979736,-0.018636468797922134,0.0429605096578598,0.02622910402715206,0.03147492557764053,0.0068161156959831715,0.0386810265481472,0.030674247071146965,0.020679578185081482,-0.034125443547964096,-0.0045693861320614815,0.02749914489686489,0.011292319744825363,-0.012500238604843616,0.0043968260288238525,0.029901178553700447,-0.020293043926358223,-0.007206100970506668,0.042270272970199585,0.0342358835041523,-0.001260549994185567,-0.013590817339718342,-0.04602517560124397,0.002001694869250059,-0.008924798108637333,0.01635867729783058,-0.03603050485253334,0.008676311001181602,0.00940106250345707,0.011009321548044682,0.06040976569056511,0.019423341378569603,0.002710915869101882,-0.035367876291275024,0.0256493017077446,-0.0006061166059225798,0.001716970931738615,0.01325950212776661,0.03478807583451271,0.0029145365115255117,-0.01004988793283701,-0.004034450277686119,0.014950589276850224,0.020707186311483383,-0.016607163473963737,-0.00796536449342966,0.03351803496479988,0.0004641861014533788,0.016441507264971733,0.015047222375869751,0.010222448036074638,-0.03647225722670555,-0.012237947434186935,0.00513193104416132,0.0036789770238101482,0.002232925035059452,-0.05486024171113968,0.016814235597848892,0.007627147249877453,0.0007092211744748056,0.014688298106193542,-0.005449441261589527,0.043567921966314316,0.022391371428966522,-0.0032130652107298374,-0.026035835966467857,-0.03909517079591751,-0.003149217925965786,0.016593359410762787,-0.003092273371294141,0.002716092625632882,-0.0004477929323911667,0.019381927326321602,0.023716632276773453,0.033241938799619675,-0.03310389071702957,0.006515861488878727,0.012527848593890667,0.01005679089576006,0.0063225943595170975,-0.007413173094391823,-0.014046375639736652,-0.004980078432708979,-0.021645912900567055,-0.01624823920428753,0.01093339454382658,-0.018719296902418137,0.0016712425276637077,0.025580277666449547,-0.009318234398961067,0.022129081189632416,-0.005245820619165897,-0.012023973278701305,0.005080163013190031,0.012065387330949306,-0.013487281277775764,-0.04088979214429855,-0.0019999691285192966,-0.012092997319996357,-0.025939203798770905,-0.006336399354040623,0.010650396347045898,0.019602803513407707,0.003232046728953719,-0.03724532574415207,-0.004082766827195883,0.00026876202900893986,0.02183917909860611,-0.01519907545298338,0.03901233896613121,0.009635744616389275,0.00047108851140365005,-0.038653414696455,0.010284570045769215]');
INSERT INTO `faqs` (`id`, `question`, `answer`, `embedding`) VALUES
(4, 'What are your vaccination services?', 'We provide core vaccinations for dogs and cats such as rabies, distemper, parvovirus, and more.', '[-0.015996504575014114,-0.025731176137924194,0.051033277064561844,0.018959814682602882,-0.06811588257551193,0.011256551370024681,-0.013918166048824787,0.03778554126620293,-0.013797488994896412,0.0007286756881512702,-0.006878631189465523,-0.010639754123985767,0.052105966955423355,-0.040440451353788376,-0.01916094310581684,0.01795416697859764,0.008454146794974804,0.027568159624934196,-0.043578073382377625,0.048995163291692734,0.03440656512975693,0.04671569541096687,0.06457599997520447,-0.004257242660969496,-0.020810207352042198,-0.030813051387667656,-0.018410060554742813,-0.014561780728399754,-0.009017309173941612,-0.050309211015701294,0.004676262382417917,-0.03714192658662796,-0.00587633578106761,0.016197634860873222,-0.02012636512517929,-0.03746373578906059,0.030813051387667656,0.006918857339769602,0.01677420549094677,0.010110112838447094,0.006332229357212782,-0.010612936690449715,-0.010110112838447094,-0.012154930271208286,-0.018758684396743774,0.042854007333517075,-0.026951363310217857,-0.057013530284166336,-0.0377587266266346,-0.04387306421995163,-0.022459469735622406,0.0205688513815403,-0.0448116697371006,0.050175122916698456,-0.025261875241994858,0.030813051387667656,0.0027889967896044254,0.014266790822148323,-0.0204749908298254,0.004190199542790651,0.043578073382377625,-0.0530177541077137,0.03676648437976837,0.03161757066845894,-0.002659938530996442,0.012235382571816444,-0.007763601373881102,0.0240953229367733,0.006751249544322491,-0.023706471547484398,0.029954897239804268,0.016385355964303017,0.029874445870518684,-0.004602515138685703,-0.020837023854255676,0.02098451927304268,-0.044650766998529434,-0.009251960553228855,0.016908293589949608,0.005115395411849022,0.026361383497714996,-0.00792450550943613,0.018865954130887985,0.06945674866437912,-0.06532688438892365,0.028211774304509163,-0.006198143120855093,0.01791394129395485,0.011940392665565014,0.026227295398712158,0.006251777522265911,0.04105725139379501,-0.015486977063119411,-0.008185973390936852,0.010452033020555973,-0.023344438523054123,0.010867700912058353,0.017994392663240433,-0.016251269727945328,-0.005725488532334566,0.009238551370799541,-0.03700784221291542,0.005021534860134125,-0.0008883223053999245,0.04089634492993355,-0.01633172109723091,-0.0018989983946084976,0.012181747704744339,0.024551216512918472,-0.0005962653667666018,-0.03185892477631569,-0.027219535782933235,-0.02688431926071644,-0.013200804591178894,-0.02802405320107937,0.029606273397803307,-0.024698711931705475,-0.03590833395719528,-0.04534801468253136,-0.06918857246637344,0.031671203672885895,-0.032609809190034866,0.036605581641197205,-0.043095361441373825,-0.016009913757443428,-0.02288854494690895,-0.04580390825867653,-0.019026856869459152,-0.024484172463417053,-0.028560400009155273,0.011973913758993149,-0.020877249538898468,0.06071431562304497,-0.020032504573464394,-0.01267116330564022,0.014213156886398792,0.011464385315775871,0.002428639680147171,-0.04365852475166321,0.023250577971339226,0.06795497983694077,0.02775588072836399,-0.00709316972643137,-0.019080491736531258,0.009674332104623318,-0.051623258739709854,-0.01950956881046295,-0.0639323890209198,0.011276665143668652,-0.007488724309951067,-0.032019827514886856,-0.011564950458705425,-0.018825728446245193,0.019496159628033638,-0.05964162200689316,-0.003968956880271435,0.017310552299022675,0.05599447339773178,-0.01491040550172329,0.04006500914692879,-0.03416521102190018,0.03199300915002823,-0.03459428623318672,-0.039475031197071075,-0.04035999998450279,-0.057978950440883636,0.008004956878721714,-0.0011280017206445336,-0.008755840361118317,-0.03411157429218292,0.00982182752341032,0.013810897246003151,0.0033069055061787367,0.030705781653523445,0.001645910320803523,0.01183982752263546,0.062430620193481445,0.015339481644332409,-0.03161757066845894,-0.019147535786032677,-0.023290803655982018,0.025422777980566025,-0.066828653216362,0.018450286239385605,-0.00375777087174356,0.00566179770976305,-0.026897728443145752,0.021601315587759018,-0.04215675964951515,0.03716874495148659,-0.01975092478096485,0.0009285482228733599,0.02122587338089943,-0.019898418337106705,0.012020844034850597,-0.02616025321185589,-0.03378976881504059,-0.005866279359906912,-0.023532159626483917,-0.051033277064561844,-0.0037343057338148355,-0.02260696329176426,-0.032636623829603195,-0.018865954130887985,0.008467555046081543,-0.0827581137418747,-0.04119133576750755,0.013891349546611309,0.022486286237835884,-0.0008723995415493846,0.05899800732731819,0.002976717660203576,0.01096156146377325,0.03614968806505203,0.007870870642364025,0.015513794496655464,-0.023585794493556023,0.05159644037485123,0.010130226612091064,0.0013609767192974687,0.021534273400902748,-0.01088781375437975,0.012744911015033722,0.022687416523694992,0.05274958163499832,-0.013710332103073597,-0.006359046790748835,-0.06366421282291412,0.005185790825635195,-0.06275242567062378,-0.042371295392513275,-0.01881231926381588,0.017833488062024117,0.011906870640814304,-0.08366990089416504,-0.00023192753724288195,0.03580106422305107,-0.02253992110490799,0.037436917424201965,-0.030678963288664818,0.03065214678645134,-0.009721262380480766,0.00983523577451706,0.03676648437976837,0.002438696101307869,-0.020756572484970093,-0.010291130281984806,-0.1036219596862793,0.016546258702874184,-0.012356060557067394,-0.0070596481673419476,-0.02723294496536255,0.05803258717060089,-0.03778554126620293,-0.012939335778355598,0.02492665871977806,-0.021252691745758057,0.028748121112585068,0.00826642569154501,0.046957049518823624,0.008802770636975765,-0.002829222707077861,-0.00629200367256999,-0.06468327343463898,0.023800332099199295,-0.0004095920012332499,-0.02312990091741085,0.0037510665133595467,-0.0009386047022417188,0.017833488062024117,-0.04352444037795067,-0.049102433025836945,0.03789281100034714,-0.005658445414155722,-0.04730567708611488,0.015339481644332409,-0.00868209358304739,-0.0008648571674712002,0.010720206424593925,-0.01344215963035822,-0.019080491736531258,0.010324651375412941,-0.05165007337927818,-0.03566697612404823,-0.019898418337106705,0.004243833944201469,0.04448986053466797,-0.022204704582691193,-0.07583925873041153,0.017484864220023155,0.044168055057525635,0.0036303887609392405,-0.015178578905761242,-0.03979683667421341,0.02920401468873024,0.03810735046863556,0.01867823302745819,0.004022591281682253,0.012443216517567635,0.05615537613630295,-0.008809475228190422,0.06430783122777939,-0.009151395410299301,0.005464020185172558,-0.04408760368824005,0.015393116511404514,-0.02657592110335827,0.006677501834928989,0.0010844236239790916,-0.024041688069701195,0.011075534857809544,-0.008400511927902699,0.013348299078643322,-0.019858192652463913,-0.012537077069282532,0.030866684392094612,0.003154382109642029,0.02813132293522358,-0.005648388992995024,-0.046206168830394745,0.024122139438986778,-0.032985251396894455,-0.03596196696162224,-0.03376295045018196,-0.054009996354579926,-0.026388199999928474,0.003851631423458457,0.012966153211891651,0.002188960090279579,-0.02315671741962433,0.020220225676894188,-0.0164658073335886,0.01226890366524458,-0.018101662397384644,0.004763418808579445,-0.005903152748942375,0.03204664587974548,-0.02144041284918785,-0.00005588678322965279,-0.024631667882204056,0.008333468809723854,-0.0022358903661370277,-0.02199016697704792,-0.03164438530802727,0.035291533917188644,-0.01171914953738451,0.011598472483456135,0.08930153399705887,0.010311243124306202,0.04135223850607872,-0.018651416525244713,0.0281045064330101,-0.046340253204107285,-0.015366299077868462,-0.023666245862841606,-0.010686684399843216,0.06838405132293701,-0.01567469723522663,0.014749501831829548,-0.026629555970430374,-0.015688106417655945,0.04518711194396019,0.05232050642371178,0.05974889174103737,0.002639825688675046,0.0677940770983696,-0.02001909725368023,-0.018772093579173088,-0.00672107981517911,-0.011940392665565014,0.012932631187140942,-0.02630774863064289,0.02575799450278282,0.0076697408221662045,-0.018651416525244713,-0.01342875137925148,0.0188793633133173,0.013401933945715427,0.05964162200689316,0.0026213887613266706,0.013435455039143562,-0.008943561464548111,-0.009352524764835835,0.016452398151159286,0.0007161051034927368,0.057978950440883636,-0.03510381653904915,-0.011209621094167233,-0.019040266051888466,0.01832960918545723,-0.030223069712519646,-0.04977286607027054,0.00002675180439837277,-0.03309251740574837,-0.04505302384495735,0.01121632568538189,-0.04996058717370033,0.10743001103401184,-0.02267400734126568,-0.02444394677877426,0.0147763192653656,-0.000613864220213145,-0.025664133951067924,0.017417820170521736,-0.015165169723331928,0.0029046463314443827,-0.004565641283988953,0.005061761010438204,0.03665921837091446,0.01881231926381588,-0.027487708255648613,-0.026039576157927513,0.01653285138309002,0.0219231229275465,-0.010465442202985287,0.004300820641219616,0.04601844772696495,0.014307016506791115,0.0372760146856308,0.00020332942949607968,0.007877575233578682,0.0007906906539574265,-0.035371989011764526,-0.00793791376054287,-0.005055056419223547,-0.020072732120752335,-0.03558652475476265,-0.0009930772939696908,-0.020072732120752335,-0.020247044041752815,-0.0031242126133292913,0.014722684398293495,0.02113201469182968,0.030678963288664818,-0.02157449908554554,0.004656149540096521,-0.03397748991847038,0.04049408808350563,-0.014521555043756962,0.08640526235103607,-0.004662854131311178,0.0074820201843976974,-0.01674738898873329,-0.020877249538898468,-0.05100645869970322,-0.0260261669754982,0.05183779448270798,0.012744911015033722,0.008896631188690662,-0.007884278893470764,0.0539831779897213,-0.0023884137626737356,-0.015594245865941048,0.0017397707561030984,-0.019871601834893227,-0.003925378900021315,0.01550038531422615,-0.058354392647743225,0.01698874495923519,-0.008802770636975765,0.013033196330070496,0.030008532106876373,-0.0014908729353919625,-0.035506073385477066,0.03518426790833473,-0.0044080899097025394,-0.04435577616095543,-0.03137621283531189,-0.025664133951067924,0.007803827524185181,0.022003576159477234,0.030008532106876373,0.0033974137622863054,0.025248466059565544,-0.017685994505882263,0.013556133024394512,0.04660842567682266,-0.004441611468791962,-0.013971800915896893,0.004934378899633884,-0.010706797242164612,0.00013178176595829427,-0.04371216148138046,-0.01874527707695961,0.012557189911603928,-0.06007070094347,0.0022777924314141273,0.03161757066845894,0.017900532111525536,0.013556133024394512,0.023558977991342545,0.04507984220981598,0.004756714217364788,-0.015084718354046345,0.03435293212532997,0.02367965504527092,-0.025945715606212616,-0.009674332104623318,-0.05712080001831055,-0.010867700912058353,-0.019442524760961533,-0.012242086231708527,0.005698671098798513,0.03741009905934334,0.08173906058073044,0.022003576159477234,0.01576855778694153,0.023103084415197372,0.038750965148210526,0.008796066977083683,-0.02540936879813671,-0.010948153212666512,-0.03770508989691734,-0.013663402758538723,-0.016452398151159286,0.006238368805497885,0.0021990167442709208,0.022097434848546982,-0.01659989356994629,0.014736093580722809,-0.011745966970920563,0.014105887152254581,-0.0023867376148700714,-0.008641866967082024,0.010928040370345116,-0.006700966972857714,-0.024484172463417053,0.011953800916671753,0.01740441285073757,-0.021896306425333023,-0.018450286239385605,-0.025905489921569824,-0.0019291677745059133,0.014628823846578598,0.02227174863219261,0.03137621283531189,0.000749626662582159,0.010465442202985287,-0.009272073395550251,-0.0012595739681273699,-0.015473568812012672,0.05419771745800972,-0.0021101844031363726,-0.023478524759411812,0.010793954133987427,-0.001743122935295105,-0.018557555973529816,-0.027729064226150513,0.002048169495537877,0.05513631924986839,-0.001298123737797141,-0.005490837153047323,-0.00973467156291008,0.012248790822923183,-0.004803644493222237,0.029150379821658134,0.00952683761715889,-0.035747431218624115,0.031322579830884933,-0.0037946447264403105,0.010230790823698044,0.012932631187140942,0.002993478439748287,0.01489699725061655,0.009352524764835835,0.005725488532334566,0.020622486248612404,0.007555767428129911,-0.012838770635426044,0.011102352291345596,-0.010572711005806923,0.005085226148366928,-0.0030772825703024864,-0.03585469722747803,0.014414286240935326,0.0467425137758255,-0.012966153211891651,0.01035817340016365,-0.006372455507516861,0.008071999996900558,-0.01756531558930874,-0.02258014678955078,0.007958026602864265,0.01964365504682064,-0.0026850798167288303,0.009748079814016819,-0.031429849565029144,-0.025865262374281883,0.04301491007208824,0.009553655050694942,0.007971435785293579,0.013053309172391891,0.0028426311910152435,-0.02420259267091751,0.03411157429218292,-0.010814066976308823,-0.02740725688636303,0.007495428901165724,0.014964040368795395,0.0019895066507160664,0.009795010089874268,0.03837552294135094,-0.004089634865522385,0.02699158899486065,-0.015178578905761242,0.031161675229668617,-0.005933322478085756,-0.0034996545873582363,0.014105887152254581,0.030813051387667656,0.03749055415391922,0.004689671099185944,-0.006925561465322971,0.018168704584240913,0.033843401819467545,0.00943968165665865,-0.04207630828022957,-0.0006419385317713022,0.00038424128433689475,0.006660740822553635,0.016452398151159286,-0.02168176881968975,-0.014816544950008392,0.0319661945104599,0.025449594482779503,-0.026562511920928955,-0.008997196331620216,-0.051998697221279144,0.009412864223122597,-0.0295526385307312,-0.011940392665565014,-0.024913249537348747,0.02367965504527092,0.023773515596985817,0.03778554126620293,0.003248242661356926,-0.013361708261072636,0.017203282564878464,-0.0037242493126541376,-0.02343829907476902,-0.016278086230158806,-0.015755150467157364,0.011598472483456135,-0.019455933943390846,0.038053713738918304,-0.0019291677745059133,0.004361159633845091,0.0281045064330101,0.004763418808579445,-0.0025107674300670624,0.012188452295958996,-0.041539959609508514,-0.008346877060830593,-0.028077688068151474,-0.003962252754718065,0.014977448619902134,0.029847629368305206,-0.0010299510322511196,0.005671854130923748,0.05685262754559517,0.018034618347883224,0.04553573578596115,0.0008564767776988447,0.01795416697859764,0.05315184220671654,0.03102758899331093,0.008688797242939472,-0.02043476514518261,0.04518711194396019,0.014548372477293015,0.007052943576127291,0.03352159634232521,0.0238539669662714,-0.0032398621551692486,-0.010485555045306683,0.01771281100809574,0.005943378899246454,-0.015647880733013153,0.05518995597958565,-0.00878265779465437,-0.01436065137386322,0.04985331743955612,-0.02823859266936779,0.009017309173941612,0.00680153165012598,0.0019325199536979198,0.034540653228759766,-0.0035130633041262627,0.013086831197142601,0.066828653216362,-0.006576937157660723,-0.013294665142893791,0.03507699817419052,-0.03183210641145706,-0.042854007333517075,0.01946934312582016,0.0013433779822662473,0.02140018716454506,0.0343797467648983,-0.039367761462926865,0.02481938898563385,-0.02122587338089943,0.05382227525115013,-0.00919832568615675,-0.021936532109975815,0.0041834949515759945,-0.05264231190085411,0.004941083025187254,-0.020032504573464394,0.03271707892417908,-0.017028970643877983,0.005608162842690945,0.030357157811522484,0.016559667885303497,-0.0077099669724702835,0.009171508252620697,-0.05237413942813873,-0.033360693603754044,-0.017216691747307777,-0.016854658722877502,-0.0005518492544069886,0.04025273025035858,-0.0029582807328552008,-0.026213888078927994,0.028694486245512962,0.036712851375341415,-0.008434033021330833,0.047761570662260056,-0.02567754127085209,-0.03413839265704155,-0.03016943670809269,-0.04170086607336998,-0.037329647690057755,0.015902644023299217,-0.004330990370362997,0.004743305966258049,-0.015889236703515053,-0.021789036691188812,-0.05435862019658089,-0.04341717064380646,0.014012026600539684,-0.008930153213441372,0.005581345874816179,0.016197634860873222,-0.007227255962789059,-0.008715614676475525,-0.005708727519959211,0.018343016505241394,0.007569176144897938,-0.013797488994896412,0.021105196326971054,0.011162691749632359,-0.03317297250032425,-0.026669781655073166,-0.019978871569037437,-0.03062533028423786,0.025449594482779503,0.007803827524185181,-0.015379708260297775,-0.017484864220023155,0.024001462385058403,0.01957661099731922,0.007435089908540249,0.037195563316345215,-0.009352524764835835,-0.016076957806944847,0.010405103676021099,0.017726220190525055,-0.012295721098780632,0.009298890829086304,-0.0295526385307312,-0.014454511925578117,-0.0014079069951549172,0.04135223850607872,0.057388972491025925,-0.004733249079436064,-0.04483848437666893,-0.02330421283841133,-0.002024704357609153,0.0062149036675691605,0.04588435962796211,0.018235748633742332,0.04196903854608536,-0.03089350275695324,-0.0501214899122715,-0.010679980739951134,0.018557555973529816,-0.0027789403684437275,0.005815996788442135,-0.03673966974020004,0.01740441285073757,-0.026120027527213097,0.014829954132437706,-0.004015887156128883,0.0056148674339056015,-0.008581528440117836,0.025731176137924194,-0.027460891753435135,0.018182113766670227,0.021896306425333023,-0.01642558164894581,-0.02699158899486065,0.014548372477293015,-0.0007856623851694167,0.006466315593570471,0.008085409179329872,0.004307525232434273,0.01756531558930874,0.005303116515278816,-0.010901222936809063,-0.030142618343234062,0.04907561466097832,-0.026562511920928955,-0.010405103676021099,-0.008326764218509197,-0.04424850642681122,0.01465564128011465,-0.005383568350225687,-0.0012838770635426044,-0.012074478901922703,0.059427086263895035,-0.04470440000295639,-0.0015872475923970342,0.01760554127395153,0.03513063117861748,-0.011578358709812164,-0.030115801841020584,-0.030223069712519646,-0.01857096329331398,-0.012289016507565975,0.0012025872711092234,-0.009379342198371887,0.010626345872879028,0.0032147211022675037,0.005695319268852472,0.011276665143668652,-0.011906870640814304,0.004330990370362997,-0.03255617246031761,-0.023666245862841606,0.02129291743040085,0.023290803655982018,0.024671893566846848,0.007917800918221474,0.00021684281819034368,0.04135223850607872,-0.025020519271492958,0.03690057247877121,0.02648206055164337,-0.05599447339773178,-0.011739262379705906,-0.016854658722877502,0.012181747704744339,-0.02113201469182968,-0.0019811263773590326,0.009841940365731716,-0.00835358165204525,-0.02885538898408413,-0.0005216798163019121,-0.0186380073428154,-0.05706716328859329,-0.035398803651332855,-0.0015210424317047,0.005594754125922918,0.035988785326480865,-0.047171588987112045,0.01780667155981064,0.02558368258178234,0.005396977066993713,-0.0011606852058321238,-0.0226471908390522,-0.01981796696782112,0.0052863555029034615,0.040306366980075836,-0.04435577616095543,-0.016787614673376083,0.00772337568923831,-0.00873572751879692,-0.00751554174348712,-0.013127056881785393,0.04298809543251991,0.004314229357987642,0.0025761346332728863,0.045106660574674606,-0.027179310098290443,-0.00978830549865961,-0.014226565137505531,0.009245255962014198,-0.01653285138309002,0.0036907277535647154,0.004562288988381624,0.05022875964641571,0.001721333945170045,0.003677319036796689,-0.04797610640525818,0.008554711006581783,0.002128621330484748,0.04360489174723625,-0.03175165504217148,0.009875462390482426,-0.005846166051924229,0.02043476514518261,-0.008775954134762287,-0.027621794492006302,0.008796066977083683,-0.012577302753925323,-0.01011681742966175,0.02685750275850296,0.01544675137847662,-0.01011681742966175,-0.016130592674016953,-0.03169802203774452,0.0024906545877456665,-0.008829588070511818,-0.001134705962613225,0.03850960731506348,-0.0023649486247450113,0.04221039265394211,0.030866684392094612,-0.04038681834936142,0.026079801842570305,0.028533581644296646,-0.022499695420265198,-0.006841757800430059,0.03159075230360031,0.01149790734052658,-0.021239282563328743,0.011859940364956856,-0.003199636237695813,-0.008950266055762768,-0.00781723577529192,0.02679045870900154,-0.005759010091423988,0.016130592674016953,0.03794644773006439,-0.01798098348081112,-0.024604851379990578,0.004418146330863237,-0.01354942936450243,-0.013066718354821205,-0.0029197309631854296,-0.018034618347883224,0.005799236241728067,-0.027004998177289963,0.022177888080477715,-0.013073422014713287,-0.005306468345224857,-0.05274958163499832,0.015902644023299217,-0.012248790822923183,0.037222377955913544,0.013824306428432465,0.05577993392944336,-0.007689854130148888,0.0032666795887053013,-0.04768111929297447,0.02933810092508793,0.014682458713650703,0.02339807339012623,-0.02188289724290371,-0.005249481648206711,0.00805859174579382,0.00813233945518732,0.02847994677722454,-0.008346877060830593,0.005685262382030487,-0.0082329036667943,0.051730524748563766,0.01313376147300005,-0.004186847247183323,-0.03303888440132141,0.013033196330070496,0.00919832568615675,-0.016438990831375122,0.0030269999988377094,0.02457803301513195,0.0015109858941286802,0.007649627979844809,0.023223761469125748,0.02168176881968975,-0.021386777982115746,0.032502539455890656,0.041030433028936386,-0.03797326236963272,-0.012952744960784912,-0.0007739298162050545,-0.006000365596264601,0.0026364733930677176,0.00011397342314012349,-0.019455933943390846,0.049692414700984955,0.010405103676021099,0.02060907706618309,-0.026240704581141472,-0.012637641280889511,-0.039126407355070114,-0.013971800915896893,0.003861687844619155,0.030088983476161957,0.002574458485469222,0.006821644492447376,-0.019978871569037437,0.008172565139830112,-0.0058428142219781876,0.008943561464548111,0.009888870641589165,-0.012262200005352497,0.03113485872745514,-0.00256272591650486,-0.005480780731886625,-0.00524612981826067,0.0031795233953744173,-0.013254438526928425,0.03269026055932045,0.02723294496536255,-0.04084271192550659,-0.0010299510322511196,-0.0073077077977359295,0.02122587338089943,0.017618950456380844,0.04853926971554756,-0.0071937344036996365,-0.04660842567682266,-0.008548006415367126,0.015781966969370842,-0.03877778351306915,0.028882207348942757,-0.02444394677877426,0.061840638518333435,0.006865222938358784,0.02550322934985161,-0.02654910273849964,-0.0005300602060742676,0.035506073385477066,-0.036605581641197205,-0.019268212839961052,-0.04035999998450279,0.0010944800451397896,-0.0026314451824873686,0.005986956879496574,-0.012530372478067875,-0.01004306972026825,0.010800657793879509,0.03663240000605583,-0.00380134885199368,0.0012511935783550143,0.0023096378426998854,0.01712283119559288,0.006597049999982119,-0.0073479339480400085,0.03164438530802727,-0.0005019858945161104,0.02105156145989895,0.035988785326480865,0.004766771104186773,-0.005309820640832186,-0.005769066512584686,-0.0025409369263798,-0.04422168806195259,0.016733979806303978,0.00718032568693161,0.02367965504527092,-0.017458047717809677,0.03317297250032425,-0.019000040367245674,0.005695319268852472,-0.002329750917851925,0.0025560215581208467,-0.009225143119692802,0.015272438526153564,0.009982731193304062,0.008956970646977425,0.03977002203464508,-0.02679045870900154,-0.024792572483420372,-0.023357847705483437,-0.01035817340016365,-0.04282718896865845,-0.015272438526153564,0.023210352286696434,0.011933688074350357,0.028506765142083168,-0.02885538898408413,0.02199016697704792,-0.009714558720588684,0.01802120916545391,0.003975661005824804,-0.00008684188651386648,0.028292225673794746,-0.04132542386651039,0.002564402064308524,-0.04443622753024101,0.016827840358018875,0.036712851375341415,-0.00022962293587625027,-0.007428385782986879,0.027393847703933716,0.03290479630231857,0.012516963295638561,0.010398399084806442,0.03193937614560127,0.02775588072836399,0.03204664587974548,0.016063548624515533,-0.024108732119202614,-0.014119296334683895,0.019415708258748055,-0.009761488996446133,0.020354311913251877,0.032153915613889694,-0.0018604485085234046,0.010519077070057392,-0.009339116513729095,-0.032395269721746445,0.008796066977083683,0.045723456889390945,-0.010197269730269909,-0.011725854128599167,-0.008849700912833214,0.0025610500015318394,0.0017799966735765338,0.001346730045042932,0.004927674308419228,0.0035666977055370808,0.009567063301801682,0.00730100367218256,-0.01977774128317833,0.025878671556711197,0.0021219169721007347,-0.022915363311767578,0.014441103674471378,0.006312116514891386,0.029874445870518684,-0.008427329361438751,-0.00785075780004263,0.0007177811348810792,0.008253016509115696,-0.017310552299022675,-0.0068451096303761005,-0.027219535782933235,0.016103774309158325,0.0005677720182575285,-0.03357522934675217,0.02571776881814003,0.004434906877577305,0.0011581711005419493,-0.008226199075579643,0.09042785316705704,-0.0013056661700829864,0.01544675137847662,0.005735544953495264,0.03617650642991066,-0.013958392664790154,-0.03252935782074928,-0.00864857155829668,-0.021319733932614326,-0.012382877059280872,-0.013254438526928425,0.00214035389944911,-0.024242818355560303,-0.028077688068151474,-0.008092112839221954,-0.002264383714646101,0.003580106422305107,-0.004310877062380314,-0.03397748991847038,-0.017618950456380844,-0.0008137367549352348,0.002654910320416093,0.0037879403680562973,0.002346511697396636,-0.04312217980623245,-0.00886981375515461,0.0020666064228862524,0.012644345872104168,0.04365852475166321,0.0003649663703981787,-0.00411645183339715,-0.00973467156291008,0.0026314451824873686,0.009748079814016819,0.05097964406013489,0.003268355503678322,0.021239282563328743,0.008393807336688042,0.03531835228204727,0.020340904593467712,0.02398805320262909,0.028560400009155273,0.007314411923289299,-0.02957945503294468,-0.001536127063445747,-0.005507598165422678,-0.03354841098189354,0.02882857248187065,0.013810897246003151,0.017377594485878944,0.019724106416106224,0.034433383494615555,0.00444496376439929,0.005557880736887455,-0.016438990831375122,-0.013328186236321926,-0.035988785326480865,0.005782475229352713,0.00802506972104311,-0.008521189913153648,0.003432611469179392,-0.003928731195628643,0.03470155596733093,-0.00583275780081749,0.005527711007744074,0.03223436698317528,-0.02205720916390419,-0.01394498348236084,0.01406566146761179,0.018182113766670227,0.012986266054213047,0.009855348616838455,-0.0040594651363790035,-0.0016769177746027708,-0.019522977992892265,0.022741049528121948,0.021561089903116226,0.016894884407520294,-0.015862418338656425,-0.03496972844004631,-0.002623064909130335,-0.014387468807399273,0.032877981662750244,-0.0204749908298254,-0.04642070457339287,-0.007267482113093138,-0.025074154138565063,0.012215269729495049,-0.0050382958725094795,0.01044532936066389,-0.028989475220441818,0.0428808256983757,0.009084352292120457,-0.029016293585300446,-0.01615740917623043,0.007783714681863785,-0.0015830573393031955,0.023693064227700233,-0.013904757797718048,0.0035599933471530676,0.007207143120467663,-0.024671893566846848,-0.024725528433918953,0.0006339771789498627,0.03054487705230713,-0.015755150467157364,-0.020381130278110504,-0.006365750916302204,0.016036732122302055,-0.02174881100654602,0.0217756275087595,0.007958026602864265,-0.007455202750861645,-0.02699158899486065,0.009862053208053112,-0.007991548627614975,-0.00856141559779644,0.039850473403930664,-0.000890836410690099,0.01626467891037464,0.018356425687670708,0.03542562201619148,-0.021118605509400368,0.011135874316096306,-0.014642233029007912,-0.01967047154903412,0.05213278532028198,-0.004763418808579445,0.007823940366506577,0.013717036694288254,0.020810207352042198,0.017323961481451988,0.01598309725522995,-0.01580878533422947,0.04145950824022293,-0.0167071633040905,-0.010183860547840595,0.01950956881046295,0.019013449549674988,0.0314834825694561,-0.05969525873661041,-0.0029968307353556156,-0.03644467890262604,0.013743854127824306,-0.03690057247877121,-0.0037376577965915203,-0.05368818715214729,-0.01364999357610941,0.0041198041290044785,-0.004592458717525005,0.00832005962729454,0.02885538898408413,0.001895646215416491,0.05119417980313301,0.015245622023940086,0.01183982752263546,0.028399495407938957,0.001128839678131044,-0.025355733931064606,0.01394498348236084,-0.03424566239118576,-0.009272073395550251,-0.013401933945715427,0.013415342196822166,0.020702937617897987,-0.008246312849223614,0.003553289221599698,0.0038315183483064175,0.015647880733013153,0.004139916971325874,0.006348990369588137,-0.01532607339322567,-0.011450977064669132,0.02326398715376854,-0.001069338875822723,0.0024370199535042048,-0.04746657982468605,0.015594245865941048,0.012912518344819546,-0.011109056882560253,0.01238958165049553,0.03352159634232521,-0.015232212841510773,0.016613302752375603,-0.015781966969370842,0.011102352291345596,-0.008521189913153648,-0.006590345874428749,-0.012121409177780151,0.004394681192934513,-0.011799601837992668,-0.0011615232797339559,0.01929503120481968,0.050443295389413834,0.060767948627471924,-0.006918857339769602,0.01626467891037464,0.002944872248917818,0.005339990369975567,0.01760554127395153,0.013696923851966858,-0.02367965504527092,0.005071817431598902,-0.015781966969370842,-0.0045857541263103485,-0.032502539455890656,0.0019811263773590326,-0.003938787616789341,-0.0034309353213757277,-0.007334525231271982,0.0015235565369948745,0.000002543582013458945,0.05336638167500496,0.011055422015488148,0.045723456889390945,-0.037544187158346176,0.024564625695347786,0.04178131744265556,0.013864532113075256,-0.025664133951067924,-0.0023163422010838985,0.0023498637601733208,-0.007099873851984739,0.001944252522662282,0.0031275649089366198,0.01171914953738451,0.009339116513729095,-0.0007881764904595912,-0.053661368787288666,0.021802445873618126,-0.010418511927127838,-0.01056600734591484,-0.013482385315001011,-0.04167404770851135,-0.03255617246031761,0.01642558164894581,-0.02720612660050392,-0.022794684395194054,-0.010498963296413422,-0.020407946780323982,0.012946040369570255,-0.0016869743121787906,-0.000836782855913043,0.0139315752312541,0.01313376147300005,0.024631667882204056,-0.019737515598535538,0.012510259635746479,-0.030705781653523445,0.0016224451828747988,-0.015232212841510773,0.04663524404168129,-0.010726911015808582,-0.0011087267193943262,-0.022204704582691193,0.02026045322418213,0.039582300931215286,-0.014722684398293495,-0.005889744497835636,-0.021789036691188812,-0.02181585505604744,0.005373511929064989,0.013824306428432465,0.004806996788829565,-0.0037979967892169952,-0.0022727642208337784,-0.009044126607477665,-0.006540063302963972,0.014213156886398792,-0.015339481644332409,-0.005769066512584686,-0.004786883946508169,0.013167282566428185,-0.01971069723367691,-0.016666937619447708,0.018235748633742332,0.022767867892980576,-0.01149790734052658,0.03475518897175789,0.028345860540866852,-0.03507699817419052,0.04979968070983887,0.03290479630231857,0.013556133024394512,-0.008789362385869026,-0.009815122932195663,0.0023699768353253603,0.006871927063912153,-0.012691276147961617,0.006224960088729858,-0.0014741121558472514,-0.005946731194853783,0.00041043004603125155,0.0462598018348217,-0.030142618343234062,0.04894153028726578,-0.008930153213441372,-0.012402989901602268,-0.008346877060830593,0.06108975410461426,-0.0007337038987316191,-0.036954205483198166,-0.006959083024412394,0.013851122930645943,0.014280200004577637,0.044784851372241974,0.02060907706618309,0.009929096326231956,-0.032287999987602234,0.015366299077868462,0.01280524954199791,-0.012282312847673893,0.00697249174118042,0.014172930270433426,0.016935110092163086,-0.0048840963281691074,0.021909715607762337,0.04084271192550659,0.05776441469788551,0.04022591561079025,0.018235748633742332,0.01587582752108574,-0.001944252522662282,0.017203282564878464,0.07605379819869995,0.03741009905934334,-0.012972857803106308,-0.02633456513285637,0.010505667887628078,-0.004528767429292202,0.0038583355490118265,-0.00890333577990532,-0.00832005962729454,0.01857096329331398,-0.0034359635319560766,-0.00486733578145504,-0.01777985505759716,0.022285155951976776,0.021373368799686432,-0.00659369770437479,-0.01867823302745819,0.010230790823698044,0.021306326612830162,-0.04553573578596115,0.005065113306045532,0.014280200004577637,-0.010914631187915802,-0.006992605049163103,0.036712851375341415,0.005893096327781677,-0.006871927063912153,0.004394681192934513,0.018490511924028397,0.04280037432909012,-0.018664823845028877,0.025932306423783302,-0.005601458717137575,0.011571655049920082,0.0018369834870100021,0.023693064227700233,0.0027035167440772057,-0.031295761466026306,-0.018249155953526497,0.02764861285686493,-0.009520133025944233,-0.006432794034481049,-0.08147088438272476,-0.018074844032526016,-0.02398805320262909,0.012322538532316685,0.019657064229249954,-0.04843199998140335,-0.004193551372736692,-0.011625288985669613,-0.0000503609589941334,-0.03164438530802727,0.04100361466407776,0.02402827888727188,-0.003928731195628643,-0.012490146793425083,-0.0003643378440756351,-0.00990898348391056,0.008434033021330833,0.02278127707540989,0.013086831197142601,0.006365750916302204,0.009694445878267288,-0.03518426790833473,0.00964751560240984]');
INSERT INTO `faqs` (`id`, `question`, `answer`, `embedding`) VALUES
(5, 'Do you offer emergency services?', 'Yes, we have limited emergency services during clinic hours. Please call first.', '[-0.05474191904067993,0.0008076691883616149,0.022038955241441727,0.038745906203985214,-0.0488174706697464,0.034361813217401505,-0.041411906480789185,0.06351010501384735,-0.0270451158285141,-0.012241395190358162,-0.007338912691920996,-0.04428526759147644,0.04677353426814079,-0.00534311356022954,-0.00038856061291880906,0.04372244328260422,-0.030688652768731117,-0.011026883497834206,-0.03984192758798599,0.043070752173662186,0.011508245021104813,0.01027151569724083,0.022883189842104912,-0.03575405851006508,-0.009264359250664711,0.01735864020884037,0.015011075884103775,0.03803497180342674,0.027548693120479584,-0.0026956249494105577,0.03824232518672943,-0.03214014321565628,-0.04810653626918793,0.0008141490397974849,-0.025904659181833267,0.04067135229706764,0.007357426919043064,0.02229074388742447,0.014018730260431767,-0.0024938234128057957,0.008731158450245857,-0.043811310082674026,0.026660026982426643,-0.019802475348114967,-0.058681681752204895,-0.006387297995388508,0.015862716361880302,-0.011041694320738316,0.04025663807988167,0.0038027565460652113,0.003336206078529358,0.0005748568219132721,0.0019976506009697914,-0.0021938979625701904,-0.00021418275719042867,-0.04363357648253441,-0.0028215195052325726,-0.02051340974867344,0.015159186907112598,-0.006528003606945276,0.00443963473662734,-0.027696805074810982,-0.01638110540807247,0.02146132104098797,-0.014314953237771988,0.018039951100945473,-0.011256455443799496,0.01775853894650936,-0.03477652370929718,0.017092039808630943,-0.0039804899133741856,0.0375906378030777,0.05109838396310806,-0.046447690576314926,0.002036529826000333,0.02876320667564869,-0.02827443927526474,0.00022251401969697326,-0.03160694241523743,0.034391433000564575,-0.003454694990068674,0.002143910387530923,-0.005132054910063744,0.05020971596240997,-0.06789419800043106,0.009034786373376846,-0.09443573653697968,0.0016162641113623977,-0.025564003735780716,0.01904710754752159,0.005232030060142279,0.030273940414190292,-0.01036778837442398,-0.008086875081062317,0.033443521708250046,0.0031973517034202814,0.025030802935361862,0.03459879010915756,0.012071067467331886,0.04555902257561684,-0.006235484033823013,-0.03587254509329796,0.0006396555108949542,-0.03981230780482292,0.042300574481487274,-0.025430703535676003,-0.0051209465600550175,0.05483078584074974,0.03812383860349655,-0.0009932711254805326,-0.025015991181135178,-0.053586654365062714,0.0056837694719433784,-0.026171259582042694,-0.014448253437876701,0.0201135091483593,-0.010323354974389076,-0.03859779238700867,-0.02383110113441944,-0.03566519170999527,0.012596862390637398,0.013944675214588642,0.01974323019385338,-0.0018773102201521397,-0.008012819103896618,-0.012441345490515232,0.009301386773586273,-0.002890020841732621,-0.02695624902844429,-0.02446798048913479,0.003543561790138483,-0.02747463807463646,0.05198705196380615,-0.019121162593364716,-0.027119170874357224,0.02692662738263607,-0.022675832733511925,-0.01211550086736679,-0.03385823220014572,0.02861509472131729,0.05148347467184067,-0.017462316900491714,-0.01008637621998787,0.024364301934838295,-0.029296407476067543,-0.03987155109643936,-0.008605264127254486,-0.003536156378686428,0.007990602403879166,-0.030777519568800926,-0.0042396849021315575,-0.008797808550298214,-0.05050593987107277,-0.009323603473603725,-0.031695809215307236,0.011737816967070103,0.015847904607653618,0.03054054081439972,-0.04274490848183632,0.03646499291062355,-0.007257451768964529,0.013455907814204693,-0.04875822737812996,-0.0242606233805418,-0.04721786826848984,-0.04683278128504753,0.00999750941991806,-0.01070103794336319,-0.004754371475428343,-0.04262641817331314,0.0022161146625876427,0.04185624048113823,-0.038745906203985214,0.03655385971069336,0.03842005878686905,-0.02320903353393078,0.029000183567404747,0.01821768470108509,-0.0004077687917742878,-0.009590203873813152,-0.012337667867541313,0.005561577621847391,0.008982948027551174,0.04176737368106842,0.0004274398379493505,0.006787198595702648,-0.007283370941877365,0.008960731327533722,-0.052697986364364624,0.037116680294275284,-0.0201135091483593,0.03818308189511299,-0.0199653971940279,-0.05370514094829559,0.014063163660466671,-0.003067754441872239,-0.01661808229982853,-0.011456405743956566,-0.03767950460314751,-0.019609929993748665,0.01572941616177559,0.007879518903791904,0.05841508135199547,0.003995301201939583,0.026319369673728943,-0.019150786101818085,-0.07932838797569275,0.017225340008735657,-0.0016634745988994837,-0.03296956419944763,0.057941123843193054,-0.018810128793120384,0.031340342015028,0.03773874789476395,-0.033621255308389664,-0.02183159999549389,-0.03391747921705246,0.03246598690748215,0.012907896190881729,-0.01772891730070114,-0.03830157220363617,-0.055215876549482346,0.006168833933770657,0.042093221098184586,0.03708706051111221,0.035280101001262665,0.02146132104098797,-0.03764988109469414,0.03222901001572609,-0.007990602403879166,-0.020187564194202423,-0.002043935237452388,0.01177484542131424,0.03800534829497337,-0.06090334802865982,0.014403820037841797,0.0037138897459954023,-0.0068427398800849915,0.04840276017785072,0.006287322845309973,0.042152464389801025,0.003999004140496254,-0.021816788241267204,0.010093782097101212,0.0445222444832325,-0.01496664248406887,-0.003223271341994405,-0.07737331837415695,-0.018987862393260002,0.0113749448210001,-0.0028104111552238464,-0.056045301258563995,0.06303615123033524,-0.03288069739937782,-0.004687721375375986,-0.004058248363435268,0.009345820173621178,-0.007409265730530024,-0.013285580091178417,-0.005802258383482695,0.040404751896858215,-0.005746716633439064,0.0016671773046255112,-0.024556847289204597,-0.017403073608875275,-0.0278745386749506,0.016781006008386612,0.006620573345571756,-0.025252969935536385,0.02784491702914238,-0.022794323042035103,-0.008153525181114674,0.03824232518672943,-0.024142134934663773,-0.02925197407603264,0.0049172937870025635,0.04067135229706764,-0.0415896400809288,0.033591631799936295,0.003987895790487528,-0.02389034628868103,-0.02349044568836689,-0.03317692130804062,-0.07269300520420074,-0.03501350060105324,0.01595158316195011,0.025889847427606583,-0.024245813488960266,0.002586392918601632,0.01885456219315529,0.011026883497834206,0.006757576018571854,0.023727422580122948,-0.034391433000564575,0.016084883362054825,-0.06730175763368607,0.02578617073595524,0.018898995593190193,0.021609432995319366,-0.0007590702152810991,0.025741737335920334,0.10948383808135986,-0.059659212827682495,0.039516083896160126,-0.0077980575151741505,0.00028696557274088264,-0.0010784351034089923,0.023223845288157463,0.004521096125245094,-0.04535166546702385,-0.0012126609217375517,0.005043188109993935,0.024142134934663773,-0.0057763392105698586,0.0009840141283348203,-0.06422103941440582,-0.0001466069952584803,0.021150287240743637,0.012767190113663673,-0.0745888277888298,0.018469473347067833,-0.04502582177519798,-0.017743729054927826,-0.044640734791755676,-0.05053555965423584,-0.00696863466873765,0.050831783562898636,0.019032295793294907,-0.011115750297904015,-0.010752877220511436,0.024053268134593964,-0.00933841522783041,0.023327523842453957,0.026541536673903465,-0.001401502755470574,0.00048228728701360524,0.01609969325363636,-0.047395601868629456,0.05826696753501892,-0.030955253168940544,0.018913807347416878,-0.03166618570685387,-0.03459879010915756,0.02649710327386856,-0.01644034869968891,0.009197709150612354,0.022616589441895485,0.004417418036609888,0.014929614961147308,0.03166618570685387,-0.03714630380272865,0.017743729054927826,-0.05201667547225952,0.01615893840789795,-0.031755052506923676,0.00687606493011117,0.04244868457317352,-0.018928619101643562,-0.028718773275613785,-0.026408236473798752,0.006079967133700848,0.012530212290585041,0.012011823244392872,0.030777519568800926,-0.004883968736976385,0.043100375682115555,0.006250294856727123,-0.032643720507621765,-0.008272013626992702,-0.012989357113838196,0.0025086344685405493,0.036168769001960754,0.019758041948080063,0.03735366091132164,-0.03151807561516762,0.0268970038741827,-0.02389034628868103,0.036168769001960754,0.07944688200950623,0.020439352840185165,0.04455186799168587,0.029000183567404747,-0.024941936135292053,-0.020839253440499306,0.00935322605073452,0.04502582177519798,-0.04179699718952179,-0.003164026653394103,0.005546766798943281,-0.025652870535850525,0.027059927582740784,-0.022838756442070007,-0.010278921574354172,-0.019861720502376556,-0.01193036139011383,-0.00147185567766428,-0.022068576887249947,0.07056020200252533,-0.0252381581813097,-0.046625424176454544,-0.020528219640254974,-0.005750419571995735,-0.026482293382287025,0.031044119969010353,-0.006946417968720198,0.031814299523830414,-0.028422551229596138,0.005772636272013187,0.009790154173970222,-0.04866936057806015,-0.005639336071908474,-0.04058248549699783,0.03545783460140228,0.04798804596066475,0.006772387307137251,-0.0028752097859978676,0.014003919437527657,-0.03685007989406586,-0.020557843148708344,-0.007627729792147875,0.008834836073219776,-0.02557881362736225,-0.00034806146868504584,0.008671914227306843,-0.024586468935012817,-0.06546517461538315,-0.04597373306751251,-0.008694130927324295,0.03403596580028534,-0.030155451968312263,0.04887671396136284,0.025252969935536385,0.01947662979364395,0.023297900334000587,-0.007153773680329323,0.006294728256762028,0.02729690447449684,0.04695126786828041,0.01598120480775833,0.058711301535367966,-0.013352230191230774,0.016781006008386612,-0.011278672143816948,0.0056023080833256245,0.002723395824432373,-0.021476132795214653,0.02269064448773861,0.02627493627369404,-0.021016987040638924,0.0013820631429553032,0.0471586249768734,-0.018084384500980377,-0.038657039403915405,0.03667234629392624,-0.06333237141370773,-0.0023771857377141714,0.027667183429002762,-0.043929800391197205,0.018513906747102737,-0.007068609818816185,0.006468759384006262,0.0010256704408675432,0.023327523842453957,0.008042441681027412,0.006235484033823013,-0.01564054936170578,-0.09467271715402603,-0.01240431796759367,-0.02879282832145691,0.049202561378479004,-0.00007960980292409658,0.029859229922294617,0.007350021041929722,-0.007549971342086792,0.020128319039940834,0.01138975564390421,-0.008679320104420185,0.010227082297205925,0.008153525181114674,-0.0031732837669551373,-0.014248303137719631,-0.026363803073763847,-0.006857551168650389,-0.03243636712431908,0.048373136669397354,-0.0567266121506691,-0.023964401334524155,0.035368967801332474,-0.006679817568510771,0.017654862254858017,-0.0021938979625701904,0.0445222444832325,0.06339161843061447,-0.017610428854823112,-0.0021235451567918062,0.01515178196132183,-0.01793627254664898,0.01028632652014494,-0.02790416032075882,-0.013715102337300777,-0.019802475348114967,-0.002741909585893154,-0.046566180884838104,-0.0027326527051627636,0.03741290420293808,-0.0031307016033679247,0.00426190160214901,0.003869406646117568,0.028526227921247482,-0.031873542815446854,0.01221917849034071,0.02149094268679619,-0.029237162321805954,0.006513192318379879,-0.04342621937394142,-0.018987862393260002,0.019861720502376556,0.015684982761740685,-0.03042205236852169,-0.0014922209084033966,0.022453665733337402,0.003347314428538084,0.0260675810277462,-0.005376438610255718,0.005009863059967756,-0.024127323180437088,-0.04532204568386078,-0.05388287454843521,0.02925197407603264,0.0056837694719433784,-0.006709440145641565,-0.04007890447974205,-0.013085629791021347,0.031695809215307236,0.011219427920877934,0.027119170874357224,-0.0052949776872992516,0.012500589713454247,-0.007894329726696014,-0.014574147760868073,0.005272760987281799,0.07014549523591995,0.007642541080713272,0.005665255710482597,0.0048358323983848095,0.0024845662992447615,0.0030529433861374855,-0.0244087353348732,0.02916310727596283,0.004824724048376083,-0.014685231260955334,-0.007549971342086792,0.0003031652304343879,-0.008160930126905441,0.030866386368870735,0.012159934267401695,-0.034658033400774,-0.027311716228723526,0.03480614721775055,-0.017669672146439552,-0.0013255957746878266,0.022927623242139816,0.06842739880084991,-0.0007132482714951038,-0.010538116097450256,0.006172536872327328,0.01170078944414854,0.017951084300875664,-0.03246598690748215,-0.028866883367300034,-0.013729913160204887,0.022275933995842934,-0.021179910749197006,-0.010915799997746944,0.046447690576314926,0.04893596097826958,0.00987161509692669,-0.01775853894650936,-0.011108344420790672,-0.02529740333557129,-0.0148407481610775,0.006887173280119896,0.007235235068947077,0.01944700814783573,-0.027696805074810982,0.0009840141283348203,0.021535376086831093,-0.0030603487975895405,0.00008047764276852831,0.02146132104098797,0.0339767225086689,0.0073018851689994335,-0.027830105274915695,0.01661808229982853,-0.020291242748498917,-0.012744973413646221,-0.02300167828798294,-0.04529242217540741,-0.01839541830122471,-0.0015597966266795993,-0.011448999866843224,-0.0068353344686329365,0.03054054081439972,-0.015833092853426933,-0.014514903537929058,-0.0008298858883790672,-0.0026697053108364344,-0.024660523980855942,-0.0011358282063156366,-0.0019272977951914072,0.012737568467855453,-0.00427671242505312,-0.013959486037492752,-0.04241906479001045,0.025875037536025047,0.016055259853601456,-0.025889847427606583,-0.006535409018397331,-0.004646990913897753,0.010560332797467709,0.009493931196630001,0.006268809083849192,0.0021938979625701904,0.022838756442070007,-0.008871864527463913,0.002195749431848526,0.028200384229421616,-0.02971111796796322,-0.009360631927847862,-0.014292736537754536,-0.021016987040638924,-0.01415203046053648,-0.003134404541924596,0.01045665517449379,-0.013226334936916828,-0.009205115027725697,-0.015522059984505177,-0.008183146826922894,-0.010989855043590069,-0.02483825758099556,-0.02303129993379116,-0.03335465490818024,-0.017151283100247383,-0.04899520426988602,0.021979710087180138,0.028007838875055313,-0.031814299523830414,0.05400136485695839,0.025904659181833267,0.011049100197851658,0.028318872675299644,-0.03293994441628456,-0.02686738222837448,-0.02775605022907257,-0.00742037408053875,0.0005313491565175354,0.010352976620197296,-0.012078473344445229,-0.015011075884103775,0.024023646488785744,-0.004484068136662245,0.0485212467610836,0.022438855841755867,0.05817810073494911,0.06860513240098953,0.006757576018571854,0.01775853894650936,0.002456795424222946,0.03498388081789017,0.02257215604186058,-0.016766194254159927,0.02827443927526474,0.016973549500107765,-0.010501088574528694,-0.004702532198280096,-0.003976787440478802,0.0026419346686452627,-0.007013068068772554,-0.0033028810285031796,-0.04695126786828041,-0.01644034869968891,0.022127822041511536,-0.018484285101294518,0.027681993320584297,0.026971060782670975,0.015159186907112598,0.025963904336094856,0.006724250968545675,-0.003152918303385377,0.040552861988544464,-0.004406309686601162,-0.012996762990951538,0.05130574107170105,-0.024571657180786133,0.01833617314696312,0.028748394921422005,-0.00651689525693655,0.008272013626992702,0.00467661302536726,-0.07595144957304001,0.0005998506094329059,0.0001801634643925354,0.01150083914399147,0.007590701803565025,-0.028289251029491425,-0.009057003073394299,-0.029888851568102837,0.002301278756931424,0.029370462521910667,0.003432478290051222,-0.025889847427606583,-0.004387795925140381,0.01343369111418724,0.028037460520863533,-0.012589456513524055,0.009523553773760796,-0.03406558930873871,0.013196713291108608,0.029681496322155,-0.02947414107620716,-0.000013784182556264568,0.051068760454654694,-0.06593912839889526,-0.032584477216005325,-0.00554306386038661,0.03566519170999527,0.009175492450594902,0.013352230191230774,0.009790154173970222,-0.011026883497834206,-0.01839541830122471,0.009256953373551369,-0.007923952303826809,-0.0012478373246267438,0.030659031122922897,0.013796563260257244,-0.0071056378073990345,-0.00442482391372323,-0.05835583433508873,-0.02389034628868103,0.03723517060279846,-0.013544774614274502,0.002117990981787443,-0.00433225417509675,0.005246841348707676,-0.008916297927498817,-0.018869373947381973,0.02437911368906498,-0.03365087881684303,0.01138975564390421,0.010138215497136116,0.014003919437527657,-0.027133982628583908,0.01769929565489292,-0.007142665330320597,-0.03379898890852928,0.024171756580471992,0.025845414027571678,0.009530959650874138,-0.003799053840339184,0.0016810627421364188,-0.01455193106085062,-0.01067141629755497,0.03243636712431908,0.0015477626584470272,-0.011323105543851852,-0.0148407481610775,0.011352728120982647,0.003750917501747608,-0.00606515584513545,-0.007768435403704643,-0.014618581160902977,-0.03723517060279846,0.02511966973543167,0.046684667468070984,-0.014003919437527657,-0.021624242886900902,-0.016721760854125023,-0.013840996660292149,-0.0191359743475914,0.027830105274915695,-0.01922484114766121,0.014129813760519028,-0.010338165797293186,-0.03723517060279846,0.03483576700091362,0.011537866666913033,-0.0030770113226026297,-0.018054762855172157,-0.019669175148010254,0.016455160453915596,-0.047514092177152634,-0.002232777187600732,-0.012322857044637203,-0.0035176423843950033,-0.05329043045639992,-0.009057003073394299,-0.028807640075683594,-0.010893583297729492,-0.001899526920169592,-0.032614100724458694,-0.021639054641127586,-0.0052838693372905254,0.007238937541842461,0.007268560118973255,0.012078473344445229,0.0029899959918111563,0.009049598127603531,0.014048352837562561,0.02796340547502041,0.001905081095173955,0.041204553097486496,0.03456916660070419,-0.008316447027027607,0.004702532198280096,-0.029874039813876152,0.015596115030348301,-0.02489750273525715,-0.0201135091483593,0.003521345090121031,0.07464807480573654,-0.028230005875229836,0.014892586506903172,0.009760531596839428,0.017225340008735657,-0.020468976348638535,0.02551957033574581,0.007649946492165327,0.004780290648341179,0.012493184767663479,-0.0070315818302333355,0.037116680294275284,-0.023327523842453957,-0.010404815897345543,-0.01638110540807247,-0.04727711156010628,-0.013367041014134884,0.005098729860037565,-0.011893333867192268,0.010693632997572422,0.01621818356215954,0.003769431496039033,0.043840933591127396,-0.0147666921839118,-0.026023147627711296,0.009005164727568626,-0.06119957193732262,-0.005069107748568058,0.057141322642564774,-0.041500773280858994,-0.017640050500631332,-0.023682989180088043,-0.002160572912544012,-0.015670171007514,0.006998256780207157,0.0020920715760439634,-0.03288069739937782,0.0012237692717462778,-0.024393923580646515,-0.03450992330908775,-0.040612105280160904,0.00896813627332449,0.010745471343398094,-0.03228825330734253,0.014292736537754536,0.05586756765842438,0.02695624902844429,0.01280421856790781,0.028940940275788307,-0.017536373808979988,-0.019121162593364716,-0.013196713291108608,0.010752877220511436,-0.013100440613925457,-0.02002464234828949,-0.02125396579504013,-0.027948593720793724,0.003295475384220481,-0.03136996552348137,-0.04458148777484894,0.0010599212255328894,0.04555902257561684,-0.02551957033574581,0.024601280689239502,0.0010006766533479095,0.018350984901189804,0.032525233924388885,0.021520566195249557,-0.0017236447893083096,0.014292736537754536,-0.025845414027571678,0.09941227734088898,0.02346082404255867,-0.001009007915854454,-0.007098231930285692,-0.0027844917494803667,0.002725247060880065,0.03551707789301872,-0.049883872270584106,-0.0012598714092746377,0.02300167828798294,0.018069572746753693,-0.0013950229622423649,-0.036879703402519226,0.022498099133372307,0.0003668067802209407,-0.025593625381588936,0.02449760213494301,0.036938946694135666,0.025904659181833267,0.01171560026705265,-0.008116496726870537,-0.0045247990638017654,0.04523317888379097,0.03999003767967224,0.02882244996726513,-0.0217723548412323,0.021994521841406822,0.0035694811958819628,-0.023283090442419052,-0.009264359250664711,0.03234750032424927,-0.0026419346686452627,0.020868876948952675,0.0037083355709910393,-0.003958273213356733,-0.03673159331083298,0.03578367829322815,0.030629407614469528,-0.025564003735780716,0.016055259853601456,0.02492712438106537,0.0003378787951078266,-0.022127822041511536,0.03767950460314751,-0.00353800761513412,0.006220672745257616,-0.002286467468366027,-0.023268278688192368,0.005705986171960831,-0.0032251225784420967,-0.02186122164130211,0.025860225781798363,-0.03839043900370598,0.04431488737463951,0.012056256644427776,-0.02492712438106537,-0.015833092853426933,0.03323616459965706,-0.06813117861747742,-0.008575641550123692,0.0008178518619388342,0.025386270135641098,-0.04076021909713745,0.01160451676696539,-0.033591631799936295,0.014603770337998867,0.029237162321805954,-0.001364474999718368,-0.002666002605110407,-0.02532702498137951,0.0006951972027309239,0.005117244087159634,0.02707473747432232,0.012122906744480133,0.018898995593190193,0.004609962925314903,-0.01412240881472826,0.01876569539308548,-0.03400634601712227,-0.042093221098184586,0.06084410473704338,-0.01572941616177559,-0.0014866667333990335,0.013596613891422749,0.0013191158650442958,0.00907921977341175,0.009464309550821781,0.015359137207269669,0.03987155109643936,0.07968385517597198,0.033502764999866486,0.04455186799168587,-0.0017319760518148541,-0.017891839146614075,0.020069075748324394,0.026511915028095245,0.022527722641825676,-0.03311767801642418,0.02220187708735466,0.03744252771139145,0.018602773547172546,0.032614100724458694,-0.01007156539708376,0.0034102615900337696,-0.009656853973865509,-0.016781006008386612,-0.022379610687494278,-0.002029124181717634,0.014463064260780811,-0.009760531596839428,-0.017580805346369743,-0.011174994520843029,0.002060597762465477,-0.004976538475602865,0.017166094854474068,0.036050278693437576,0.004920996725559235,0.04123417288064957,-0.023934779688715935,-0.024023646488785744,0.011411972343921661,0.02226112224161625,0.010012321174144745,-0.011204616166651249,-0.037916481494903564,0.025564003735780716,0.001478335470892489,0.006583545356988907,-0.005043188109993935,0.005661552771925926,0.0024142134934663773,-0.03391747921705246,0.0019661770202219486,-0.01475188136100769,-0.029874039813876152,0.03205127641558647,-0.008383097127079964,0.03048129752278328,0.02732652612030506,-0.017225340008735657,-0.014700042083859444,0.0033491658978164196,0.028141139075160027,-0.013330013491213322,-0.02140207588672638,-0.0016125612892210484,-0.01456674188375473,-0.021076232194900513,0.009116248227655888,-0.011034288443624973,0.008301636204123497,0.012026634067296982,0.02471976913511753,0.012485778890550137,0.018439851701259613,0.03809421509504318,0.0008044292917475104,0.00010830635437741876,0.0015884932363405824,0.0366131030023098,-0.021609432995319366,-0.004206359852105379,-0.01261907909065485,0.015610926784574986,-0.004154520574957132,0.008375691249966621,0.010345571674406528,-0.045766379684209824,0.016425538808107376,0.035991035401821136,-0.00886445865035057,0.008064658381044865,0.011160183697938919,-0.024601280689239502,0.0019365546759217978,-0.01108612772077322,-0.01280421856790781,-0.031843919306993484,-0.013211524114012718,0.009597609750926495,0.020617086440324783,0.05249062925577164,-0.0028233707416802645,0.033502764999866486,-0.015285082161426544,-0.021757543087005615,-0.05414947494864464,0.010730660520493984,0.022038955241441727,0.007901735603809357,0.05142422765493393,-0.016366293653845787,0.022038955241441727,0.00343062705360353,0.0019087838008999825,-0.0023105356376618147,0.07535900920629501,0.012856056913733482,-0.014040946960449219,-0.011160183697938919,0.011130561120808125,0.018321363255381584,0.016336672008037567,-0.003887920407578349,-0.00999750941991806,0.03216976672410965,0.049883872270584106,0.03560594469308853,0.05284609645605087,0.02220187708735466,0.0012746824650093913,-0.002403105143457651,-0.005332005210220814,-0.01609969325363636,-0.01045665517449379,0.0030288752168416977,0.002788194455206394,0.02511966973543167,0.013130063191056252,-0.009671664796769619,0.01283384021371603,-0.00047812165576033294,0.011426783166825771,0.0038731093518435955,0.0036824161652475595,0.0025030802935361862,0.0011089830659329891,0.006683520507067442,0.02449760213494301,-0.029340840876102448,0.008486774750053883,0.004858049098402262,-0.002421619137749076,-0.016632894054055214,-0.01193036139011383,0.01312265731394291,-0.023845912888646126,0.021564999595284462,0.02186122164130211,0.030273940414190292,0.0019328518537804484,0.008057252503931522,0.019091540947556496,0.030807141214609146,-0.03892363980412483,-0.01670694909989834,0.015329515561461449,0.022586965933442116,-0.043011508882045746,0.028230005875229836,0.01842503994703293,-0.002808559685945511,0.011419378221035004,-0.002423470374196768,-0.004398904275149107,-0.014218680560588837,0.11795580387115479,-0.00433225417509675,-0.009886426851153374,-0.029177917167544365,0.0014996264362707734,0.016247805207967758,-0.03142920881509781,-0.025001179426908493,-0.012315451167523861,0.010478871874511242,-0.02340157888829708,0.0295333843678236,-0.013552180491387844,-0.005150569137185812,0.014055758714675903,0.0035287507344037294,-0.01569979265332222,0.00662427581846714,0.0038471899461001158,0.013766941614449024,0.006146617233753204,-0.026600781828165054,0.015581304207444191,0.03421369940042496,-0.012848651967942715,-0.019298896193504333,-0.005620822310447693,0.004221170675009489,0.03122185356914997,0.010115998797118664,-0.006483570206910372,0.011041694320738316,0.020069075748324394,0.002723395824432373,0.013796563260257244,0.029844418168067932,-0.0010497384937480092,-0.009612420573830605,-0.009745720773935318,0.02735614962875843,-0.00826460774987936,0.02226112224161625,-0.012463562190532684,-0.031103363260626793,0.004184143152087927,-0.0048358323983848095,-0.003924948163330555,-0.01341888029128313,0.0004693275550380349,0.01609969325363636,0.0009608718100935221,-0.026719270274043083,-0.04585524648427963,-0.010863960720598698,-0.023994022980332375,-0.0016532918671146035,-0.0320216529071331,-0.010508493520319462,-0.0031140390783548355,-0.011204616166651249,-0.010427032597362995,0.005457899998873472,0.02168348804116249,0.0048210215754806995,0.004361876752227545,0.029488950967788696,-0.017773350700736046,-0.0174771286547184,-0.005417169071733952,0.00718339579179883,0.028807640075683594,-0.0013931714929640293,0.016692139208316803,0.011167588643729687,-0.008975542150437832,0.007946169003844261,-0.030955253168940544,0.005805961322039366,0.016840249300003052,-0.059629593044519424,0.015892338007688522,-0.006520598195493221,0.03459879010915756,-0.028230005875229836,0.010730660520493984,0.0023234954569488764,-0.026541536673903465,-0.004124898463487625,0.024586468935012817,-0.006379892583936453,-0.027400583028793335,0.016277426853775978,0.007087123580276966,-0.03919024020433426,-0.022823944687843323,0.00906440895050764,-0.0014857409987598658,0.017032794654369354,-0.03225863352417946,-0.03634650260210037,0.02928159572184086,-0.005165379960089922,-0.02790416032075882,-0.0035657784901559353,-0.010441843420267105,-0.03122185356914997,0.019061919301748276,-0.002677110955119133,-0.014411224983632565,-0.014663014560937881,0.018780507147312164,0.001596824498847127,0.0037064843345433474,0.02165386639535427,0.01607007160782814,-0.013485530391335487,0.046536557376384735,0.008301636204123497,0.036820460110902786,0.023668179288506508,0.020069075748324394,0.03008139692246914,-0.0014811125583946705,0.019876530393958092,-0.01772891730070114,-0.0008243317133747041,0.017802972346544266,0.012159934267401695,-0.026600781828165054,0.018114006146788597,-0.0040619513019919395,0.005576388910412788,0.012182150967419147,-0.008945919573307037,0.023934779688715935,-0.010308543220162392,-0.01027151569724083,0.015966393053531647,0.01944700814783573,-0.010190054774284363,-0.03842005878686905,-0.020380109548568726,-0.014588958583772182,-0.008886675350368023,-0.028955750167369843,0.027519071474671364,-0.02796340547502041,-0.029755551367998123,0.026230502873659134,0.00249197194352746,-0.006139211822301149,0.02947414107620716,-0.016025638207793236,0.02729690447449684,-0.012308045290410519,0.007872113026678562,0.024823445826768875,0.020720764994621277,-0.03151807561516762,-0.025312213227152824,-0.035368967801332474,-0.009256953373551369,-0.032791830599308014,0.017743729054927826,0.01088617742061615,-0.0053912498988211155,0.019061919301748276,0.04789917916059494,0.021876033395528793,-0.007379643619060516,-0.022527722641825676,-0.019269274547696114,-0.03652423620223999,-0.0287039615213871,0.018099196255207062,0.005154271610081196,-0.04070097208023071,0.03770912438631058,-0.0011478622909635305,-0.026348993182182312,-0.0013746576150879264,0.03205127641558647,-0.015388759784400463,0.045647889375686646,0.0013755833497270942,0.012722756713628769,0.029340840876102448,-0.01364845223724842,0.016721760854125023,-0.026689648628234863,-0.013352230191230774,-0.030866386368870735,0.005939261522144079,0.030747897922992706,0.01575903780758381,0.0019606228452175856,0.007342615630477667,0.0026900707744061947,0.002586392918601632,-0.019876530393958092,0.008560830727219582,-0.025445513427257538,-0.009019975550472736,-0.00013665578444488347,-0.00707601523026824,-0.008671914227306843,-0.0008942217100411654,0.023505257442593575,-0.017195716500282288,-0.022305555641651154,-0.012456156313419342,-0.013840996660292149,0.025030802935361862,-0.003500979859381914,0.031340342015028,-0.010775093920528889,0.01218955684453249,0.025445513427257538,-0.000054326745157595724,-0.03145883232355118,-0.019210029393434525,-0.009427281096577644,-0.023594124242663383,0.031132986769080162,0.015085131861269474,-0.027696805074810982,0.04268566519021988,-0.01621818356215954,-0.006483570206910372,0.024542035534977913,-0.005846691783517599,-0.03365087881684303,0.0020828144624829292,-0.03059978596866131,-0.0050061605870723724,0.022453665733337402,-0.002523445524275303,-0.03984192758798599,-0.000658632256090641,0.00752775464206934,0.009293981827795506,0.02122434228658676,-0.016055259853601456,0.0016884683864191175,0.02420138008892536,0.025401080027222633,-0.04087870568037033,0.011530461721122265,-0.03732403740286827,-0.032702963799238205,-0.029518574476242065,0.023268278688192368,0.02790416032075882,-0.006894579157233238,-0.037768371403217316,-0.03735366091132164,0.026348993182182312,-0.014485280960798264,-0.026852570474147797,-0.013085629791021347,0.02747463807463646,-0.01772891730070114,0.0012968991650268435,0.0046247742138803005,-0.011537866666913033,0.003526899265125394,0.013115251436829567,0.003115890547633171,0.026822948828339577,0.03214014321565628,-0.02990366332232952,0.018943428993225098,-0.016455160453915596,-0.022024143487215042,-0.03323616459965706,-0.04455186799168587,-0.0018893441883847117,0.011337916366755962,0.00884964782744646,0.03154769912362099,-0.03489501401782036,0.05912601575255394,0.020809631794691086,-0.004469257313758135,-0.014159436337649822,-0.018602773547172546,0.024364301934838295,0.020498597994446754,-0.012907896190881729,-0.018691640347242355,0.02337195724248886,0.00640951469540596,0.00006566651427419856,0.035072747617959976,0.024823445826768875,0.006394703406840563,-0.029814796522259712,-0.019491441547870636,0.01735864020884037,0.014781503938138485,-0.007561079692095518,-0.005339410621672869,-0.009434686973690987,-0.0056504444219172,-0.011959983967244625,0.01836579665541649,0.006690925918519497,0.00727596553042531,-0.024986369535326958,0.04360395297408104,-0.014026136137545109,-0.027948593720793724,0.0166477058082819,0.021105853840708733,-0.004706235136836767,0.005917044822126627,0.02383110113441944,-0.012374695390462875,0.03382861241698265,0.011167588643729687,0.036968570202589035,0.027800483629107475,-0.01028632652014494,0.02205376699566841,0.02526777982711792,-0.022897999733686447,-0.033562012016773224,-0.03302881121635437,-0.006565031595528126,0.021639054641127586,-0.012078473344445229,-0.03276221081614494,0.00803503580391407,-0.007253748830407858,0.01595158316195011,0.007716596592217684,-0.0005193150718696415,-0.006724250968545675,0.01772891730070114,-0.017980705946683884,-0.02076519839465618,0.0016875426517799497,0.015448004007339478,0.00933841522783041,-0.011974794790148735,-0.011174994520843029,0.0016301495488733053,0.011034288443624973,0.04238944128155708,0.01601082645356655,-0.006472461856901646,0.01818806305527687,0.011997011490166187,-0.015462814830243587,0.0006975114811211824,0.001283013727515936,0.0004785844939760864,0.013604018837213516,-0.004935807548463345,0.015033292584121227,0.013100440613925457,-0.00824979692697525,0.01107131689786911,0.02017275243997574,-0.02990366332232952,0.024393923580646515,-0.035250477492809296,-0.004098978824913502,0.003621320240199566,0.038657039403915405,-0.01487036980688572,-0.06896059960126877,0.0008030407479964197,-0.005372735671699047,0.01151564996689558,-0.03332503139972687,0.0402270182967186,0.04004928469657898,-0.028096705675125122,-0.04517393186688423,0.006524300668388605,-0.014744475483894348,-0.004465554375201464,-0.013315201736986637,0.01971360854804516,0.009575393050909042,0.003921245690435171,-0.013981702737510204,0.006920498330146074]');
INSERT INTO `faqs` (`id`, `question`, `answer`, `embedding`) VALUES
(6, 'What are your consultation rates?', 'Standard pet consultations start at PHP 500 per visit. Prices may vary based on service.', '[0.0051025813445448875,-0.00846218504011631,0.09568878263235092,-0.03584441915154457,-0.03732173517346382,0.02687683328986168,-0.0035215909592807293,0.03462627902626991,0.012155482545495033,-0.0026873594615608454,0.030194321647286415,-0.029105771332979202,0.030142486095428467,-0.03449668735265732,0.00029724559863097966,0.05722666159272194,-0.04473424702882767,0.029857389628887177,-0.03117920085787773,0.026073379442095757,0.03975801542401314,0.037788257002830505,-0.025542063638567924,-0.00950537994503975,0.0051058209501206875,-0.028535576537251472,0.032552849501371384,-0.011546412482857704,0.007755923084914684,-0.03296753391623497,0.01779261976480484,-0.014695433899760246,-0.02742110937833786,-0.012356345541775227,-0.042738571763038635,0.03325263038277626,-0.014358500950038433,0.04297183081507683,0.02042328380048275,-0.019749417901039124,-0.022963235154747963,0.03703663870692253,0.013827185146510601,-0.004244051408022642,-0.014475131407380104,-0.0021835807710886,-0.025036664679646492,0.016185712069272995,-0.020267775282263756,-0.05196533352136612,-0.045900553464889526,0.017416810616850853,-0.00481748441234231,0.0554642453789711,-0.024609019979834557,0.013321786187589169,-0.007192209362983704,0.006369316950440407,0.016107957810163498,0.03737357258796692,0.01632826030254364,-0.033978331834077835,0.02977963536977768,0.01534338016062975,-0.008876871317625046,0.04025045409798622,-0.00992006529122591,0.029546374455094337,-0.053857337683439255,-0.04323101043701172,0.050643522292375565,0.028224563226103783,0.029961060732603073,-0.014993488788604736,0.020941641181707382,0.0020102548878639936,-0.021809889003634453,0.031049611046910286,-0.007542100735008717,0.04603014141321182,0.01951615698635578,-0.01107989065349102,0.006236487999558449,0.04017270356416702,-0.02300211228430271,0.0010853109415620565,-0.044215891510248184,-0.008306678384542465,-0.005228930618613958,0.012479455210268497,-0.01805179752409458,0.006586379371583462,-0.008585295639932156,-0.027628451585769653,0.029028017073869705,-0.01635417714715004,-0.009596092626452446,0.06106250733137131,-0.021097147837281227,-0.012071249075233936,0.013814225792884827,-0.009537776932120323,0.03669970855116844,0.027239684015512466,0.0613216869533062,0.010192203335464,-0.008494582958519459,0.0006483517936430871,-0.01695028878748417,0.01608203910291195,-0.017559358850121498,0.010833670385181904,-0.02365005761384964,-0.03174939379096031,0.002342327730730176,0.01137146633118391,-0.05681197717785835,-0.00525808846578002,-0.028717001900076866,-0.06344695389270782,0.011280753649771214,-0.05108412727713585,0.01561551820486784,0.013211635872721672,-0.031386543065309525,-0.04895886033773422,-0.06360246241092682,-0.005744048394262791,0.015123078599572182,-0.049140285700559616,0.024272087961435318,-0.028483740985393524,0.042764488607645035,-0.058263376355171204,-0.024881158024072647,0.001471649156883359,0.007580977864563465,0.02515329420566559,-0.01811659336090088,0.006673851981759071,0.011637124232947826,0.04444915056228638,-0.04180552810430527,0.023416798561811447,0.0059708296321332455,0.020047474652528763,-0.024298004806041718,-0.007555059622973204,-0.045123014599084854,0.014358500950038433,-0.003566947067156434,-0.006984866689890623,-0.04442323371767998,-0.003304528770968318,0.01198053639382124,0.008850953541696072,0.006463269237428904,0.042479392141103745,-0.03470402956008911,0.017598235979676247,0.0013210015604272485,0.06479468196630478,-0.004995669703930616,-0.06609057635068893,-0.007742964196950197,-0.022406000643968582,0.0010942202061414719,0.008650089614093304,0.0009476222330704331,0.004882279317826033,-0.010898465290665627,0.06837134808301926,0.008384431712329388,-0.03530014306306839,0.05139514058828354,-0.040665142238140106,0.02446647174656391,0.02739519067108631,0.026138173416256905,0.044215891510248184,-0.0061943712644279,0.009861750528216362,-0.01841464824974537,0.03003881312906742,-0.02278180979192257,-0.0023795845918357372,-0.022380081936717033,-0.0525873638689518,0.010606889612972736,0.028717001900076866,0.055567916482686996,-0.0029708361253142357,0.01667815074324608,-0.020786134526133537,0.008144691586494446,0.02012522704899311,0.01691141165792942,0.025853076949715614,-0.056708306074142456,0.014371460303664207,0.026125214993953705,-0.04846642166376114,0.04429364204406738,0.018194345757365227,0.011429782025516033,-0.05453120172023773,-0.022898439317941666,-0.04284224286675453,0.024738609790802002,0.01836281269788742,0.0877060815691948,0.020954599604010582,0.018259141594171524,0.017105795443058014,-0.027239684015512466,-0.006693290546536446,-0.034030165523290634,-0.036932967603206635,0.0065669408068060875,0.0292094424366951,-0.023274248465895653,-0.054116517305374146,0.008974063210189342,0.03151613101363182,0.05453120172023773,0.026643572375178337,-0.012596085667610168,0.004972991533577442,-0.011190040968358517,-0.07536917179822922,-0.007438429165631533,0.01753344014286995,-0.01667815074324608,0.022963235154747963,-0.0320085734128952,-0.014539926312863827,-0.027524780482053757,-0.02739519067108631,0.01750752329826355,-0.03641461208462715,0.03905823454260826,-0.005559383425861597,-0.016159793362021446,0.015252667479217052,-0.028509659692645073,-0.04779255762696266,-0.016133874654769897,-0.07179250568151474,-0.0006349878967739642,0.04727419838309288,-0.034833621233701706,-0.022704055532813072,0.05339081585407257,-0.03174939379096031,0.0051252590492367744,0.021148983389139175,-0.01984013058245182,-0.03037574701011181,0.008021581918001175,0.030842268839478493,0.03817702457308769,-0.058833569288253784,-0.0233131255954504,-0.04211654141545296,0.01989196613430977,-0.003745132591575384,-0.03410791978240013,0.04530443996191025,-0.013814225792884827,-0.004555066116154194,-0.04281632602214813,-0.06298042833805084,0.028457824140787125,-0.010665204375982285,-0.039291493594646454,-0.030531253665685654,0.023105783388018608,-0.0053390818648040295,0.00244761910289526,-0.003306148573756218,-0.041598185896873474,0.03239734098315239,-0.012758072465658188,-0.022367123514413834,-0.03123103640973568,0.007632813416421413,0.003660899354144931,0.01928289793431759,0.005164136178791523,0.024388717487454414,0.010768876411020756,-0.010561533272266388,-0.0005450852331705391,-0.02946862019598484,0.04784439131617546,-0.03644052892923355,-0.025853076949715614,-0.006155494600534439,0.03320079296827316,0.018881170079112053,-0.0010132268071174622,0.05401284620165825,0.007056140806525946,-0.041287168860435486,-0.022069068625569344,0.04118349775671959,0.03680337965488434,0.0248293224722147,-0.012803428806364536,-0.06634975224733353,-0.0033239671029150486,0.03885089233517647,-0.014578803442418575,-0.010872547514736652,-0.015900615602731705,0.005595020484179258,0.0006256736232899129,0.017572317272424698,-0.007509703282266855,-0.02016410417854786,0.029961060732603073,-0.0524318553507328,0.009155488573014736,-0.01928289793431759,-0.01926993764936924,-0.031697556376457214,0.01776670105755329,0.029079852625727654,0.04836275056004524,-0.014384418725967407,0.027265600860118866,-0.041909199208021164,0.0069135925732553005,-0.05753767490386963,0.008922227658331394,0.04426772519946098,-0.011999974958598614,-0.022691097110509872,0.0262159276753664,-0.018453525379300117,0.0002630258968565613,-0.03859171271324158,-0.050021491944789886,-0.025555022060871124,0.036907050758600235,-0.014228912070393562,0.03527422249317169,0.09283781796693802,0.013451375998556614,0.011041013523936272,-0.0008974063093774021,0.01841464824974537,-0.015226749703288078,0.015252667479217052,0.005643616896122694,0.026073379442095757,0.03535197675228119,-0.006463269237428904,-0.07168883830308914,-0.013082046061754227,-0.01753344014286995,0.019917884841561317,0.021641423925757408,0.02679908089339733,-0.01571919023990631,0.0612180158495903,-0.009097172878682613,-0.009822873398661613,-0.017598235979676247,-0.028380069881677628,0.017883332446217537,-0.010192203335464,-0.008740802295506,-0.01866086758673191,-0.006576660089194775,-0.031930819153785706,-0.02685091644525528,0.05681197717785835,0.025490228086709976,0.016846617683768272,0.03143838047981262,0.014475131407380104,0.00409178389236331,0.03301936760544777,0.005854199640452862,0.022807728499174118,-0.015563682653009892,0.014228912070393562,0.03553340211510658,-0.06826767325401306,0.019956761971116066,-0.005381198134273291,-0.017352014780044556,-0.007600415963679552,0.008948145434260368,0.025840118527412415,0.042194295674562454,0.07350308448076248,-0.02892434597015381,-0.0524577721953392,0.0004426286614034325,-0.004192215856164694,0.020501036196947098,-0.0007742964080534875,-0.002345567336305976,0.029002098366618156,-0.05722666159272194,0.012615524232387543,0.013814225792884827,-0.033978331834077835,-0.005672774277627468,-0.05945559963583946,0.007127414923161268,0.014565844088792801,-0.009220283478498459,-0.004610141739249229,0.03415975719690323,0.004911436699330807,-0.004652258008718491,-0.02685091644525528,0.027887631207704544,-0.015641435980796814,-0.007710567209869623,0.009233241900801659,-0.019697582349181175,-0.014760227873921394,-0.02599562518298626,-0.03413383662700653,-0.02279476821422577,-0.038410287350416183,0.0014740789774805307,0.043930795043706894,0.0013242412824183702,0.02626776322722435,-0.017987003549933434,0.020047474652528763,0.04253122955560684,0.025555022060871124,-0.017377933487296104,0.033408138900995255,-0.003958954941481352,0.015913574025034904,-0.00010761991870822385,-0.07132598757743835,-0.038643546402454376,0.024971870705485344,0.03625910356640816,0.050669439136981964,-0.025179212912917137,-0.040716975927352905,-0.03301936760544777,0.03555932268500328,-0.020578790456056595,0.016989165917038918,-0.019697582349181175,-0.022898439317941666,0.02276885136961937,0.01984013058245182,0.0233779214322567,-0.048829272389411926,0.016030203551054,0.02422025240957737,0.01314684096723795,-0.0021916800178587437,0.021472956985235214,-0.01693733036518097,0.014267788268625736,0.02309282496571541,-0.014552885666489601,-0.011002136394381523,0.0027942706365138292,0.002497834851965308,0.02827639877796173,0.018453525379300117,0.010704081505537033,0.019982678815722466,-0.009660886600613594,0.00014356071187648922,0.01811659336090088,-0.00933691393584013,0.017313139513134956,-0.0160172451287508,-0.008021581918001175,-0.01516195572912693,0.010509696789085865,-0.02568461187183857,-0.015395215712487698,0.024336881935596466,-0.010412504896521568,0.04144267737865448,0.042142461985349655,0.014682474546134472,0.03377098590135574,-0.013360663317143917,-0.019153308123350143,0.008494582958519459,-0.046496663242578506,0.0320863276720047,-0.0160042867064476,-0.01225915364921093,-0.059092748910188675,0.0038358450401574373,0.03097185678780079,0.009421146474778652,0.023857401683926582,0.0025626295246183872,-0.04875151813030243,-0.019723501056432724,0.023429756984114647,0.02365005761384964,-0.012356345541775227,0.04603014141321182,-0.0010982698295265436,-0.013004292733967304,-0.01080775260925293,0.01023108046501875,-0.009097172878682613,-0.008967583999037743,-0.018298018723726273,-0.021356327459216118,0.007917909882962704,0.002588547533378005,-0.012933018617331982,-0.02858741395175457,0.02977963536977768,0.0018207305110991001,-0.007231086492538452,-0.06308410316705704,-0.021252654492855072,-0.016509683802723885,0.0043671615421772,-0.02481636218726635,-0.006012946367263794,0.024596061557531357,-0.04934762790799141,0.003693296806886792,-0.009939503856003284,0.002225697273388505,-0.026695407927036285,-0.014812064357101917,-0.01638009585440159,0.03143838047981262,0.02247079461812973,-0.006489187479019165,-0.0016895212465897202,-0.020034516230225563,0.030116567388176918,0.008358513936400414,0.01663927361369133,0.011857426725327969,-0.027654370293021202,0.010282916016876698,0.00489523820579052,-0.007555059622973204,0.0022305569145828485,-0.015278586186468601,0.0015137657755985856,-0.010451382026076317,0.021771011874079704,0.008313157595694065,-0.032215915620326996,-0.01898484118282795,-0.0059513915330171585,0.00044060382060706615,0.04022453725337982,0.034807704389095306,0.003796968376263976,0.014241870492696762,-0.0554124116897583,0.015317462384700775,0.028820674866437912,0.019982678815722466,0.0018952444661408663,-0.06189187988638878,0.0203973650932312,0.01153993234038353,0.006686810869723558,-0.002329368842765689,-0.009596092626452446,-0.04476016387343407,-0.007937348447740078,0.013030210509896278,-0.011676001362502575,0.0022564746905118227,-0.021783972159028053,0.013684636913239956,0.00244761910289526,0.0010496738832443953,0.023131700232625008,0.012641442008316517,0.013516169972717762,0.038954563438892365,0.0040269894525408745,0.025555022060871124,-0.0035572280175983906,-0.005753767676651478,0.005426554474979639,-0.009097172878682613,0.04748154059052467,0.017157630994915962,0.007211647927761078,0.02074725739657879,-0.013205155730247498,0.00990062765777111,-0.0010836910223588347,0.01606908068060875,0.014475131407380104,-0.01577102579176426,-0.029261277988553047,0.004299127031117678,0.027861712500452995,-0.00299351429566741,-0.003576666349545121,-0.04017270356416702,0.016146834939718246,-0.01925697922706604,-0.027628451585769653,0.010658725164830685,-0.023883318528532982,0.006064781919121742,0.010697601363062859,0.006660893093794584,0.01226563286036253,0.02773212268948555,0.04634115472435951,-0.001365547883324325,0.0011314770672470331,-0.03462627902626991,0.03060900792479515,0.004402798600494862,0.003230014815926552,0.007535621523857117,0.016794782131910324,0.015537764877080917,0.026928668841719627,0.010710560716688633,-0.03029799275100231,-0.04310142248868942,0.02624184638261795,-0.005086382385343313,0.011630645021796227,0.003161980537697673,-0.0038844412192702293,-0.04504526033997536,0.005999987479299307,-0.008047499693930149,-0.02361118234694004,0.006055063102394342,0.007742964196950197,0.01023108046501875,-0.006842318456619978,-0.01806475780904293,-0.02218569815158844,-0.008928706869482994,-0.008637131191790104,0.05287246033549309,-0.035455647855997086,0.0020637104753404856,-0.03913598880171776,0.04172777384519577,-0.006958948913961649,0.0320085734128952,-0.0021268853452056646,-0.0002225292264483869,0.041598185896873474,0.0034827140625566244,-0.06837134808301926,0.031127365306019783,0.012440579012036324,0.0024427594617009163,-0.018479442223906517,0.05100637301802635,0.025736447423696518,-0.0002666705986484885,0.020513996481895447,0.0247515682131052,-0.006641454994678497,0.006521584466099739,0.008352034725248814,-0.011501056142151356,-0.013399540446698666,0.008410349488258362,-0.0248422808945179,-0.02100643515586853,-0.007095017470419407,0.03094593994319439,0.03519647195935249,0.0006519964663311839,0.013347703963518143,0.04001719504594803,0.03361548110842705,-0.014902777038514614,0.009479462169110775,-0.04748154059052467,-0.031075529754161835,0.006019426044076681,-0.007470826618373394,0.023714853450655937,0.04343835264444351,-0.07500632107257843,0.006359598133713007,-0.04719644412398338,0.05422018840909004,-0.005863918457180262,0.0031312028877437115,0.008637131191790104,-0.03887680917978287,-0.006751605775207281,0.02799130231142044,0.01930881477892399,-0.017650071531534195,-0.009239721111953259,0.009712723083794117,0.0321122445166111,0.012777511030435562,0.06977090984582901,-0.040665142238140106,0.00031081197084859014,0.011902783066034317,0.013917897827923298,-0.03273427113890648,0.03356364369392395,0.024012908339500427,0.01781853660941124,0.02362414076924324,0.01921810209751129,-0.019023718312382698,0.03550748527050018,-0.021200818940997124,-0.03001289628446102,-0.01080127339810133,0.03848804160952568,-0.021369285881519318,0.019464321434497833,0.019943803548812866,0.02889842726290226,0.0076457723043859005,0.015472969971597195,-0.03921373933553696,-0.02127857320010662,0.01929585635662079,0.01811659336090088,0.03263060003519058,-0.012570167891681194,0.01460472121834755,0.00671272911131382,0.009291557595133781,0.008047499693930149,-0.013237553648650646,0.009764558635652065,0.003304528770968318,0.010833670385181904,0.015421134419739246,-0.004691134672611952,-0.01635417714715004,-0.021459998562932014,0.00788551289588213,0.006764564663171768,0.022004272788763046,-0.005595020484179258,0.013036689721047878,0.029857389628887177,-0.033745069056749344,0.030453499406576157,-0.019386569038033485,0.0051252590492367744,0.012285071425139904,0.0014773186994716525,0.009116611443459988,0.00934339314699173,-0.03703663870692253,-0.0035701869055628777,-0.015382257290184498,0.03410791978240013,0.03934333100914955,-0.05085086449980736,-0.011766714043915272,0.018440566956996918,-0.041261252015829086,-0.006790482439100742,0.036932967603206635,-0.022833645343780518,-0.00979047641158104,-0.030168402940034866,-0.0526132807135582,-0.01722242683172226,0.03669970855116844,-0.011028055101633072,0.015421134419739246,-0.02214682102203369,0.001989196753129363,-0.008442746475338936,-0.020941641181707382,-0.019632788375020027,-0.004341243766248226,-0.03470402956008911,-0.012920059263706207,-0.035144634544849396,0.02594378963112831,-0.00012179375335108489,-0.008948145434260368,0.027809876948595047,0.008766720071434975,-0.01534338016062975,0.019451363012194633,0.021965397521853447,0.0036414610221982002,0.01052913535386324,0.022626303136348724,-0.016159793362021446,0.051239632070064545,0.008708405308425426,-0.007509703282266855,-0.007976225577294827,0.03812519088387489,-0.0014011849416419864,0.023261290043592453,-0.006738646887242794,-0.002471917076036334,-0.021097147837281227,0.09605163335800171,0.01534338016062975,0.026669491082429886,0.020941641181707382,0.018025880679488182,0.0011914122151210904,-0.010431943461298943,-0.017688948661088943,0.02390923723578453,-0.0009419526904821396,0.029131688177585602,-0.023442715406417847,0.020280735567212105,-0.0011663042241707444,-0.00033085784525610507,-0.012945977039635181,-0.007801279425621033,-0.0073930732905864716,-0.028250480070710182,0.023727811872959137,0.04341243579983711,-0.010691122151911259,0.05634545534849167,0.022030191496014595,-0.03553340211510658,0.02571052871644497,0.011015095748007298,-0.0045097097754478455,-0.010833670385181904,-0.007840156555175781,-0.029339032247662544,0.038099274039268494,0.016146834939718246,0.02008635178208351,-0.016263464465737343,-0.027317438274621964,0.014086363837122917,-0.029390867799520493,-0.027239684015512466,-0.0055853016674518585,-0.011442740447819233,-0.04136492311954498,-0.0003703421098180115,-0.008740802295506,-0.0005948961479589343,-0.029857389628887177,0.0467817597091198,0.008863911963999271,-0.0022985911928117275,0.017909249290823936,-0.0495031364262104,0.0009435725514777005,0.0054589519277215,0.021161943674087524,-0.023727811872959137,0.022859564051032066,-0.007963266223669052,-0.009641448967158794,-0.018790457397699356,-0.027058258652687073,0.01533042173832655,0.015084201470017433,0.010943821631371975,0.009926545433700085,0.03335630148649216,-0.03758091479539871,0.043930795043706894,-0.000024930764993769117,-0.0015664114616811275,-0.014760227873921394,0.0025043145287781954,0.02243191935122013,-0.020241858437657356,-0.00038957802462391555,-0.009978380985558033,0.02215978130698204,-0.007950307801365852,0.003865002654492855,-0.056138113141059875,0.007438429165631533,-0.012460017576813698,0.008928706869482994,-0.005556143820285797,0.0022840125020593405,-0.0013736472465097904,-0.007509703282266855,-0.024336881935596466,0.0036414610221982002,0.006207330618053675,-0.00299513409845531,0.036907050758600235,-0.025010745972394943,0.014786146581172943,0.022276410833001137,0.012583127245306969,0.04465649276971817,-0.003528070403262973,0.02507554180920124,-0.01472135167568922,0.0033887617755681276,-0.07251820713281631,-0.016107957810163498,-0.049451299011707306,-0.014306665398180485,-0.013619842007756233,0.00453238794580102,-0.03143838047981262,0.028509659692645073,-0.012777511030435562,0.005083142779767513,0.03615543246269226,0.0233779214322567,0.028094973415136337,0.009583133272826672,0.037503160536289215,0.023222412914037704,0.023857401683926582,-0.01242114044725895,-0.006048583425581455,0.02447943016886711,-0.008429788053035736,-0.01952911727130413,0.0001001280324999243,-0.0017251584213227034,0.017935167998075485,0.017663029953837395,0.011857426725327969,-0.006511865649372339,0.006398474797606468,-0.047999899834394455,0.006699770223349333,-0.003372563049197197,0.03641461208462715,0.027291519567370415,-0.004645778797566891,-0.03651828318834305,-0.004428716376423836,0.02076021581888199,0.03423750773072243,0.036336857825517654,-0.03032391145825386,-0.01126131508499384,-0.012336906976997852,-0.03763275220990181,-0.013568006455898285,0.03817702457308769,0.013198676519095898,0.05955927073955536,0.019023718312382698,-0.04571912810206413,-0.013619842007756233,0.05222451314330101,0.008267801254987717,-0.014060446061193943,-0.019049637019634247,0.021978355944156647,-0.03649236261844635,-0.02244487777352333,0.05048801377415657,0.020047474652528763,-0.009155488573014736,0.03467811271548271,-0.013282909989356995,-0.03934333100914955,-0.015913574025034904,0.0077624027617275715,0.020241858437657356,-0.008248362690210342,-0.025529103353619576,0.019205143675208092,0.0525873638689518,0.03732173517346382,-0.006327200680971146,-0.0004096238699276,-0.009997819550335407,-0.022704055532813072,-0.04317917674779892,0.038980480283498764,0.023248331621289253,-0.013917897827923298,0.021485915407538414,0.0007933298475109041,0.0233908798545599,0.029701881110668182,-0.010898465290665627,0.02952045574784279,0.0035604676231741905,-0.02222457528114319,0.008423308841884136,-0.041002072393894196,-0.028354153037071228,-0.000039863916754256934,-0.00354102929122746,0.042194295674562454,-0.011883344501256943,-0.007801279425621033,0.019956761971116066,-0.009926545433700085,-0.021498875692486763,-0.0014028048608452082,0.010425464250147343,0.027861712500452995,-0.04789622873067856,0.030997775495052338,0.03584441915154457,-0.013399540446698666,0.03903231397271156,0.005309924017637968,0.011319630779325962,0.023986991494894028,-0.023546386510133743,-0.02127857320010662,0.03392649441957474,0.022885480895638466,-0.0019827173091471195,-0.0007686269236728549,-0.010626327246427536,0.0138401435688138,-0.0046231006272137165,0.003293189685791731,-0.021498875692486763,-0.01811659336090088,-0.0035248305648565292,0.003952475730329752,-0.019723501056432724,-0.017870372161269188,-0.01052265614271164,-0.015421134419739246,0.021382244303822517,-0.02072133868932724,0.01242761965841055,-0.0554124116897583,-0.00244599930010736,0.021732136607170105,0.02480340376496315,-0.00992006529122591,-0.009291557595133781,-0.012894141487777233,-0.017688948661088943,0.022691097110509872,-0.022056110203266144,0.01689845323562622,-0.01210364606231451,0.028069056570529938,-0.01579694263637066,-0.025490228086709976,0.004908197093755007,0.013412498869001865,-0.007717046421021223,-0.002601506421342492,-0.026410311460494995,0.027654370293021202,0.053002048283815384,0.03063492476940155,-0.03612951561808586,0.019723501056432724,-0.0004296697152312845,-0.0526391975581646,0.0320863276720047,0.04781847447156906,-0.023455673828721046,0.049736395478248596,-0.04149451479315758,0.031956735998392105,-0.029028017073869705,-0.011857426725327969,-0.007587457075715065,0.014125240035355091,0.0012019412824884057,0.009537776932120323,0.009323954582214355,0.017974045127630234,0.005867158528417349,0.03737357258796692,-0.02949453890323639,-0.005144697614014149,0.05390917509794235,0.03993944078683853,0.024712691083550453,0.044786084443330765,-0.017857413738965988,-0.012323948554694653,0.022885480895638466,-0.020954599604010582,-0.006142535712569952,-0.05136922374367714,0.030427582561969757,0.026034502312541008,0.04838866740465164,0.006252686493098736,0.02682499773800373,0.01314684096723795,-0.009738640859723091,0.00040678909863345325,-0.02131745032966137,0.01051617693156004,-0.0123822633177042,-0.010386587120592594,-0.011753754690289497,0.002097727730870247,-0.021459998562932014,0.03366731479763985,0.009032378904521465,-0.001105559291318059,-0.022704055532813072,0.006233248393982649,-0.0019972959998995066,0.010004298761487007,0.018310977146029472,-0.02069542184472084,0.0007516182959079742,0.007315319497138262,0.04253122955560684,-0.007133894134312868,0.021136024966835976,0.013619842007756233,-0.009427625685930252,0.017857413738965988,-0.0028849830850958824,-0.005410355981439352,-0.027783958241343498,0.002653342206031084,-0.023572305217385292,0.0034017206635326147,0.030816350132226944,-0.020656544715166092,0.010846629738807678,0.0877060815691948,0.003199237398803234,-0.014475131407380104,-0.013568006455898285,0.0350409634411335,0.02716192975640297,-0.007853114977478981,0.010218121111392975,-0.0076457723043859005,0.014669516123831272,-0.03991352394223213,-0.006874715443700552,0.001926021883264184,0.024997787550091743,0.020513996481895447,0.03861762955784798,0.012894141487777233,-0.004014030564576387,0.022406000643968582,-0.009660886600613594,0.005747287999838591,-0.016794782131910324,0.017883332446217537,0.012071249075233936,-0.03830661624670029,0.035714827477931976,-0.03379690647125244,0.04693726822733879,0.015991326421499252,0.007231086492538452,0.01472135167568922,0.0011735936859622598,-0.0072958809323608875,0.030868185684084892,0.022561507299542427,-0.020591748878359795,0.007691128645092249,0.006103659048676491,0.017948126420378685,-0.02153775282204151,0.0321381613612175,0.01753344014286995,0.013036689721047878,-0.004823964089155197,-0.025464309379458427,0.006443831138312817,-0.0013436797307804227,0.04141676053404808,0.015226749703288078,0.021641423925757408,0.019762378185987473,-0.0004499180649872869,-0.006045343820005655,0.011591768823564053,-0.00833907537162304,-0.013412498869001865,0.021822849288582802,-0.0015858497936278582,-0.01081423182040453,-0.018298018723726273,0.006647934205830097,0.0025043145287781954,0.017559358850121498,-0.006045343820005655,0.028094973415136337,0.012958936393260956,-0.013606882654130459,0.015887655317783356,-0.019360650330781937,0.005203012842684984,0.030868185684084892,-0.014397378079593182,-0.005070183891803026,0.03449668735265732,-0.035740744322538376,0.006534543354064226,-0.009421146474778652,0.026721326634287834,0.005753767676651478,-0.040665142238140106,-0.01372351311147213,-0.029598210006952286,-0.0075291418470442295,-0.04141676053404808,0.0024152216501533985,0.014682474546134472,-0.013697595335543156,0.029416784644126892,-0.007749443873763084,0.015421134419739246,-0.006894154008477926,0.008364993147552013,0.03812519088387489,-0.022289371117949486,-0.008779679425060749,0.005086382385343313,0.01753344014286995,0.002473536878824234,0.003006473183631897,-0.03522238880395889,0.013250512070953846,0.009310995228588581,-0.011928700841963291,-0.007276442833244801,0.028665166348218918,-0.014578803442418575,0.02134336717426777,0.0013056128518655896,-0.03682929649949074,-0.019982678815722466,-0.0035475087352097034,0.006113378331065178,0.006343399174511433,0.0024103622417896986,-0.027524780482053757,0.03555932268500328,0.01399565115571022,0.027602534741163254,-0.007548580411821604,-0.024984829127788544,0.001250537345185876,0.02832823432981968,-0.015472969971597195,0.01809067465364933,-0.0012562068877741694,0.0029578772373497486,0.04167594015598297,0.04141676053404808,-0.03934333100914955,0.02915760688483715,0.024932993575930595,0.009855271317064762,-0.014125240035355091,0.035403814166784286,0.03877313807606697,-0.0011501056142151356,-0.02011226862668991,0.0032980493269860744,0.022678138688206673,0.02600858546793461,-0.02946862019598484,0.038047436624765396,-0.008151170797646046,-0.018285058438777924,-0.00008696661097928882,0.003991352394223213,-0.0436975322663784,-0.023131700232625008,0.016276424750685692,-0.01636713556945324,-0.0062040905468165874,0.020306652411818504,0.0020750495605170727,0.020799092948436737,0.010710560716688633,0.01628938317298889,0.0027424348518252373,-0.03532605990767479,-0.0060842204838991165,-0.000715576228685677,-0.030997775495052338,0.006803441327065229,-0.014514008536934853,0.0004887948743999004,0.011047492735087872,-0.007185730151832104,0.010166285559535027,0.00934987235814333,0.017572317272424698,0.0072829220443964005,0.011617686599493027,0.013891979120671749,-0.010049655102193356,0.015874696895480156,0.01604316383600235,0.03763275220990181,-0.020889805629849434,0.04294591397047043,0.0001061012881109491,-0.0008779679192230105,0.009323954582214355,-0.0006730547756887972,-0.007023743353784084,0.04924395680427551,-0.0070626200176775455,-0.003343405434861779,0.010704081505537033,-0.014215952716767788,0.03333038464188576,-0.026112256571650505,-0.01987900771200657,-0.043049585074186325,0.03856579586863518,0.020319612696766853,0.05284654349088669,0.008481623604893684,0.010192203335464,0.009395228698849678,-0.04141676053404808,0.03029799275100231,0.010898465290665627,-0.01608203910291195,0.015148996375501156,0.017015082761645317,0.004412517882883549,-0.0009719202062115073,-0.0174556877464056,0.015835819765925407,0.006560461595654488,-0.0024427594617009163,-0.005429794080555439,-0.019749417901039124,0.03812519088387489,-0.018570154905319214,0.03535197675228119,-0.0033855221699923277,-0.003745132591575384,-0.005523746367543936,0.02659173682332039,0.02626776322722435,0.012751593254506588,0.01416411716490984,-0.027835795655846596,-0.01866086758673191,0.00554318493232131,-0.016457848250865936,0.013930856250226498,0.010613368824124336,-0.0525355264544487,0.006103659048676491,-0.019956761971116066,-0.023455673828721046,0.009492420591413975,0.010768876411020756,-0.04820724204182625,0.05191349983215332,-0.028198644518852234,0.02276885136961937,-0.02103235386312008,0.006732167210429907,0.011183561757206917,0.00015257122868206352,0.01869974471628666,-0.037166230380535126,0.013632800430059433,0.002162522403523326,0.005436273757368326,-0.024051785469055176,-0.059973955154418945,-0.0002020784158958122,-0.031153282150626183,0.040431879460811615,0.026436230167746544,0.020928682759404182,-0.03063492476940155,-0.0003470565134193748,0.014695433899760246,-0.010574491694569588,0.015511846169829369,0.029002098366618156,0.022535590454936028,-0.011125246994197369,0.011747275479137897,0.017429769039154053,-0.015835819765925407,0.023403838276863098,-0.006641454994678497,0.0010448142420500517,0.008559376932680607,0.005870398133993149,-0.04727419838309288,-0.01546001061797142,0.011883344501256943,-0.015628477558493614,0.0058250417932868,-0.005633897613734007,0.0000959771205089055,0.004130661021918058,0.016431931406259537,-0.002548050833866,0.04152043163776398,0.06215105950832367,-0.006738646887242794,-0.005053984932601452,-0.015408175066113472,-0.003693296806886792,0.0024006429594010115,-0.006294803228229284,-0.007088538259267807,-0.010406025685369968,0.034548524767160416,0.006032384932041168,-0.01980125531554222,0.023403838276863098,0.002980555407702923,-0.0075291418470442295,-0.029675964266061783,-0.01606908068060875,-0.008021581918001175,-0.011961097829043865,0.028380069881677628,-0.009855271317064762,-0.00490171741694212,0.007742964196950197,0.02304098941385746,0.011870385147631168,0.03117920085787773,0.03405608609318733,-0.0021528033539652824,0.001471649156883359,-0.02889842726290226,0.012336906976997852,0.02362414076924324,0.022846603766083717,-0.003852043766528368,0.004150099121034145,0.029105771332979202,0.03187898173928261,0.009090693667531013,0.029572293162345886,0.04286815971136093,0.007749443873763084,0.03034982830286026,0.0495031364262104,0.03758091479539871,0.018440566956996918,-0.028976181522011757,0.01954207569360733,-0.0015453530941158533,-0.01689845323562622,-0.0031555008608847857,-0.04105390980839729,0.009142529219388962,-0.015032365918159485,-0.0026339038740843534,0.004807765129953623,-0.016574479639530182,0.022820686921477318,0.038099274039268494,0.003202477004379034,-0.003369323443621397,-0.046574417501688004,0.00047705083852633834,0.01209068764001131,-0.022328246384859085,0.01007557287812233,-0.03327854722738266,0.01298485416918993,0.027213765308260918,-0.014863899908959866,-0.029390867799520493,0.015628477558493614,0.030738595873117447,-0.019995639100670815,-0.020812051370739937,0.02711009420454502,0.03273427113890648,0.027939466759562492,0.016250506043434143,0.015472969971597195,-0.014552885666489601,-0.005089621990919113,-0.014643597416579723,0.010133887641131878,-0.003202477004379034,0.017727823927998543,-0.05349448695778847,-0.011144685558974743,0.003732173703610897,0.009421146474778652,-0.004885518923401833,-0.042220212519168854,-0.008552897721529007,-0.024077704176306725,0.03434118255972862,-0.021459998562932014,0.03356364369392395,0.022380081936717033,-0.01834985427558422,-0.0006669802241958678,0.019723501056432724,-0.036621954292058945,0.056760139763355255,-0.0026905990671366453,0.0023471873719245195,0.009427625685930252,-0.003082606941461563,-0.013814225792884827,-0.017144672572612762]');
INSERT INTO `faqs` (`id`, `question`, `answer`, `embedding`) VALUES
(7, 'Do you accept walk-in appointments?', 'Yes, walk-ins are accepted depending on availability, but prior booking is recommended.', '[-0.031099548563361168,0.019130216911435127,0.013012394309043884,0.019603664055466652,-0.027918577194213867,-0.014491915702819824,-0.04065725952386856,0.014750832691788673,-0.026838526129722595,0.013574612326920033,-0.011229570023715496,-0.013715167529881,0.07018851488828659,0.011133401654660702,-0.0412786565721035,0.0037653830368071795,-0.03092200495302677,0.018686359748244286,0.005400254391133785,0.04349794238805771,0.03808289021253586,0.04320203512907028,-0.015165098011493683,-0.02605437859892845,0.0010615568608045578,-0.018360866233706474,-0.0338810496032238,-0.007042523939162493,0.04805486649274826,-0.025344207882881165,0.016378305852413177,-0.030951596796512604,-0.041130706667900085,0.02529982291162014,-0.051605720072984695,0.047048792243003845,0.0014046210562810302,-0.013715167529881,0.01714765839278698,-0.04920889437198639,0.009468939155340195,0.03580442816019058,-0.00753816356882453,0.008625611662864685,-0.047048792243003845,0.03908896446228027,0.008884528651833534,-0.03547893092036247,-0.013789143413305283,-0.04036135599017143,-0.01011253148317337,-0.01618596911430359,-0.04447442665696144,0.02997511252760887,-0.00748638017103076,0.01094846148043871,-0.0328453853726387,-0.01970723085105419,0.03385145962238312,0.021970897912979126,0.018908288329839706,-0.0034861231688410044,0.00598466582596302,0.01736958511173725,-0.04107152670621872,0.04855790361762047,0.00989060290157795,0.03038937784731388,-0.00706101767718792,0.0031217909418046474,0.013411865569651127,0.022799430415034294,-0.01924857869744301,0.02316931076347828,-0.009187830612063408,0.04521418735384941,-0.015608955174684525,0.017413971945643425,-0.02234077826142311,0.061666470021009445,0.013974083587527275,0.01412203535437584,-0.019840387627482414,0.023568782955408096,-0.03716558590531349,0.028318047523498535,-0.03453204035758972,-0.00552971288561821,-0.005866304039955139,0.008921516127884388,0.03420654311776161,0.061015479266643524,-0.02944248355925083,0.029457278549671173,0.01620076410472393,0.035745248198509216,0.0021323608234524727,0.011089015752077103,-0.015054134652018547,-0.008218743838369846,0.016570644453167915,-0.06906408071517944,0.03849715739488602,-0.03876347094774246,0.0558963343501091,0.005551905371248722,-0.013589407317340374,0.0017384381499141455,0.009136047214269638,-0.02550695650279522,-0.05580756068229675,-0.06864981353282928,0.005607387516647577,-0.02401263825595379,0.007157186511904001,0.011555065400898457,-0.009661277756094933,-0.028628746047616005,-0.040272582322359085,-0.039739955216646194,0.03101077675819397,0.020091906189918518,0.0010846743825823069,-0.03343719244003296,-0.031188320368528366,0.0005673041450791061,-0.027548696845769882,0.0072829462587833405,-0.038911424577236176,-0.00618809973821044,-0.013877914287149906,-0.03829002380371094,0.05873701721429825,-0.031809717416763306,-0.056991178542375565,-0.00497859064489603,-0.025344207882881165,0.03515343740582466,-0.041959237307310104,0.020890848711133003,0.036810502409935,0.017754262313246727,-0.02561052143573761,-0.001975161489099264,0.012886635027825832,-0.009217420592904091,-0.00824833381921053,0.011333136819303036,0.005333676002919674,0.023332059383392334,0.007390211336314678,0.024737603962421417,0.00658387178555131,-0.030951596796512604,-0.0404205359518528,-0.00103936402592808,0.04045012593269348,0.03692886233329773,0.00044547475408762693,0.02433813363313675,-0.030833235010504723,0.01716245338320732,-0.006054942961782217,-0.009764843620359898,0.0003174036683049053,0.0022377767600119114,-0.000522456131875515,0.009801832027733326,0.0033529663924127817,0.026202330365777016,0.03781657665967941,0.015727316960692406,0.01757671870291233,0.0007369868108071387,0.04719674587249756,0.030833235010504723,0.04311326518654823,0.027371153235435486,-0.0008530367631465197,0.0032771409023553133,-0.021970897912979126,0.044740740209817886,0.01270169485360384,0.012346609495580196,0.023553987964987755,-0.04411933943629265,-0.01196933165192604,0.006484004203230143,-0.01970723085105419,0.0000073362029979762156,-0.03438408672809601,0.04515500366687775,-0.014832206070423126,-0.005592592526227236,0.008100382052361965,-0.05977268144488335,0.026734959334135056,0.01652625761926174,-0.01630433090031147,-0.008070791140198708,-0.030655691400170326,-0.039325688034296036,0.03426572307944298,0.01497276034206152,0.03263825178146362,0.00039623441989533603,-0.03334842249751091,-0.02010670118033886,0.03047814965248108,-0.00820394791662693,0.03894101455807686,-0.03737271949648857,0.014055456966161728,0.039947088807821274,-0.0014046210562810302,0.002422716934233904,-0.03016744926571846,-0.002073179930448532,0.0006144638755358756,0.019233783707022667,-0.01776905730366707,-0.02022506296634674,0.029797568917274475,0.0328453853726387,0.06314598768949509,0.03589319810271263,0.024589652195572853,-0.03408818319439888,-0.023435626178979874,-0.027815010398626328,-0.03988790884613991,0.04435606300830841,0.010023760609328747,0.018434841185808182,-0.04296531155705452,-0.021305114030838013,0.02890985645353794,-0.019618459045886993,-0.002713073045015335,0.004220335744321346,0.022917792201042175,-0.03367391601204872,0.00028203384135849774,-0.008455467410385609,0.003809768706560135,-0.035301391035318375,-0.011170389130711555,-0.09285479038953781,0.0011272106785327196,0.04192964732646942,-0.0005529712652787566,-0.08001253753900528,-0.0002741738862823695,0.011518076993525028,-0.038585927337408066,0.023983048275113106,-0.013988878577947617,-0.02720840647816658,-0.012169066816568375,0.021941307932138443,0.059417594224214554,-0.049179304391145706,0.048735447227954865,-0.043024495244026184,-0.020254652947187424,-0.03947364166378975,0.002785199787467718,-0.01896747015416622,-0.011984126642346382,0.051280226558446884,-0.028096118941903114,-0.0064026303589344025,0.02877669967710972,0.0063027627766132355,-0.030626101419329643,-0.042491864413022995,0.010615568608045578,-0.00831491220742464,-0.025477364659309387,-0.014913579449057579,-0.08060434460639954,0.0033455686643719673,-0.009542915970087051,-0.0675845593214035,-0.008751371875405312,0.03385145962238312,0.0005959698464721441,0.0006283344118855894,0.006898270454257727,0.05814520642161369,-0.018479228019714355,-0.0016811066307127476,-0.011074220761656761,-0.014092445373535156,0.029353711754083633,-0.031395453959703445,0.019751615822315216,0.01433656644076109,0.03684009239077568,0.010748726315796375,0.018878698348999023,0.07711267471313477,-0.005755339749157429,0.0002649268717505038,-0.015401821583509445,0.03305251523852348,-0.02772623859345913,0.0347391702234745,0.012013716623187065,-0.052552614361047745,-0.042698998004198074,0.019514892250299454,0.011126004159450531,-0.006088232155889273,-0.00330673111602664,0.015934450551867485,-0.0023949758615344763,0.03873388096690178,0.020831666886806488,-0.06184400990605354,-0.0024449098855257034,-0.02836243249475956,0.012568538077175617,0.025551341474056244,-0.018360866233706474,-0.04021340236067772,0.05175367370247841,-0.017724670469760895,-0.0288062896579504,-0.04435606300830841,0.030330196022987366,-0.0829124003648758,0.0051931217312812805,0.019204193726181984,-0.019218988716602325,0.05216793715953827,0.01175480056554079,-0.027489515021443367,0.024160591885447502,0.02244434505701065,-0.0005663794581778347,-0.048853810876607895,-0.03947364166378975,-0.04985988512635231,0.02433813363313675,-0.012346609495580196,0.03429531678557396,0.04219596087932587,0.017118066549301147,0.023997843265533447,-0.005403953604400158,0.0033899543341249228,-0.0019511193968355656,0.0009283999097533524,-0.0030755558982491493,0.0347391702234745,0.05071800574660301,-0.03598197177052498,-0.03769821673631668,-0.010748726315796375,0.017443561926484108,0.012553742155432701,0.0014859946677461267,0.04675288870930672,0.0004457059549167752,0.028747107833623886,0.0044829510152339935,-0.06237664073705673,-0.036869682371616364,-0.01254634466022253,0.019648049026727676,0.007327331695705652,0.037846166640520096,0.018390456214547157,-0.04835077375173569,0.021541837602853775,-0.02148265577852726,0.015009748749434948,0.09084264189004898,0.03121791034936905,0.021112775430083275,0.037668626755476,0.011333136819303036,0.008181755430996418,-0.03876347094774246,0.03237193822860718,-0.038142070174217224,0.008085587061941624,0.010364050045609474,-0.049386437982320786,0.024057025089859962,-0.022829022258520126,0.0013509884011000395,-0.01745835691690445,-0.00023672348470427096,0.0029793870635330677,-0.003983612637966871,0.07196394354104996,-0.035745248198509216,-0.07066196203231812,-0.011680824682116508,0.029886340722441673,0.036366645246744156,0.005370663944631815,-0.03627787530422211,-0.0038911423180252314,-0.06012776494026184,-0.02319890260696411,-0.005866304039955139,-0.0046087102964520454,-0.007445693481713533,-0.04823241010308266,0.049593571573495865,0.05193121358752251,0.01005335059016943,0.02529982291162014,0.025995198637247086,-0.037668626755476,0.014099842868745327,-0.041870467364788055,-0.0005562077276408672,-0.0018845408922061324,-0.05110268294811249,-0.05133940652012825,-0.025654908269643784,-0.08149205893278122,-0.022281598299741745,-0.015113315545022488,-0.02275504544377327,-0.00020840451179537922,0.0055999900214374065,0.021852536126971245,0.019648049026727676,0.013914902694523335,-0.01508372463285923,0.010926268063485622,0.03737271949648857,0.031188320368528366,0.0007642654818482697,0.017695080488920212,-0.014647265896201134,-0.006972246337682009,0.0050525669939816,-0.020816871896386147,-0.02065412513911724,-0.024412110447883606,0.02106839045882225,0.0484987236559391,-0.0016524408711120486,0.00277965166606009,0.019840387627482414,-0.021334704011678696,-0.024929942563176155,-0.017088476568460464,-0.008100382052361965,0.02234077826142311,-0.009846217930316925,-0.034887123852968216,0.019869977608323097,0.003040417330339551,0.004453360568732023,-0.02953125536441803,0.03163217753171921,0.04414892941713333,0.009247011505067348,0.02435292862355709,-0.053499508649110794,0.010415833443403244,-0.005714653059840202,0.03929609805345535,0.025847245007753372,-0.003040417330339551,0.023539191111922264,0.01011253148317337,0.0075640552677214146,0.004420071374624968,-0.0018937878776341677,0.019722025841474533,-0.041130706667900085,-0.06799881905317307,0.030566919595003128,-0.01713286153972149,0.0025262834969908,-0.01989956758916378,0.08900803327560425,-0.02930932678282261,-0.011325739324092865,0.048942580819129944,-0.05844110995531082,0.00903987791389227,0.0019770110957324505,0.02763746678829193,0.02772623859345913,-0.018064960837364197,-0.008825347758829594,0.007804477587342262,0.018612384796142578,0.010386243462562561,-0.06675602495670319,-0.024589652195572853,-0.004105673171579838,-0.02464883401989937,-0.019736820831894875,0.013434058055281639,0.04441524296998978,0.02380550652742386,-0.07811874896287918,0.007922839373350143,0.06468469649553299,-0.03249029815196991,-0.014876591973006725,0.0033751591108739376,-0.022192826494574547,-0.0030995982233434916,-0.021438270807266235,0.045865174382925034,0.002857326529920101,0.025847245007753372,-0.004471854772418737,-0.007915441878139973,-0.0165114626288414,0.007430898025631905,-0.013737360015511513,-0.04379384592175484,0.013944492675364017,-0.016156377270817757,-0.05565961077809334,-0.00851464830338955,0.01915980689227581,-0.003534207586199045,-0.00851464830338955,-0.014373553916811943,-0.03325964882969856,0.013219526968896389,0.022621888667345047,0.03260866180062294,-0.005403953604400158,0.02327287755906582,-0.003404749557375908,-0.041959237307310104,-0.0165114626288414,0.04423770308494568,-0.012864441610872746,0.0018651221180334687,-0.029383303597569466,0.010038555599749088,0.008233538828790188,-0.023317264392971992,-0.0016043564537540078,0.020402604714035988,-0.030951596796512604,0.022089259698987007,-0.017177248373627663,0.022074464708566666,0.04308367520570755,-0.013522828929126263,-0.00007466961687896401,-0.022503526881337166,0.05175367370247841,-0.015372231602668762,0.028081323951482773,-0.007168283220380545,0.00033289240673184395,0.014114637859165668,-0.009165637195110321,0.02244434505701065,0.0053965556435287,-0.03462081030011177,0.0019973544403910637,-0.01853840798139572,-0.016807368025183678,0.029767978936433792,-0.017828237265348434,-0.033910639584064484,0.001265915809199214,0.01692572981119156,-0.0009117553126998246,-0.0064026303589344025,-0.033082108944654465,-0.016762981191277504,0.002280313055962324,-0.018242504447698593,-0.003393653081730008,0.013101165182888508,-0.01726602017879486,0.026098765432834625,0.012117283418774605,-0.009757446125149727,0.006639353930950165,0.020476581528782845,0.020373014733195305,0.0031458332668989897,0.01852361299097538,0.006683739833533764,-0.02371673472225666,0.010578581131994724,-0.06273172795772552,-0.0053928568959236145,0.015949245542287827,-0.011495884507894516,-0.013456250540912151,0.045480500906705856,0.03260866180062294,-0.017088476568460464,-0.011954535730183125,0.028554771095514297,0.0026464946568012238,-0.014580687507987022,-0.0008812401792965829,0.008063393644988537,0.02932412177324295,-0.008943709544837475,-0.0022951082792133093,-0.027075249701738358,-0.0183164793998003,0.011939740739762783,-0.045983538031578064,-0.00674661947414279,0.006713330280035734,-0.014787820167839527,0.021719379350543022,0.040272582322359085,-0.04693043231964111,0.046634528785943985,0.011525474488735199,0.01566813513636589,0.050777189433574677,-0.06344189494848251,-0.014255192130804062,0.014824808575212955,0.0013232473284006119,-0.00024735755869187415,0.017695080488920212,0.01736958511173725,0.02220762148499489,-0.00036710634594783187,-0.016541054472327232,0.005311483051627874,0.028969036415219307,-0.007279247045516968,-0.020683715119957924,-0.0338810496032238,-0.012198656797409058,-0.02467842400074005,0.02308054082095623,0.01535743661224842,0.003373309737071395,-0.001837381161749363,-0.0037413407117128372,-0.0015081875026226044,0.006587570998817682,-0.054150499403476715,0.018064960837364197,-0.014676855877041817,0.005400254391133785,-0.021630609408020973,-0.028924651443958282,-0.02457485720515251,-0.006143714301288128,0.03734312951564789,-0.012768273241817951,0.03450244665145874,0.03438408672809601,0.023746324703097343,0.026646187528967857,0.053617868572473526,-0.02899862639605999,0.004823240917176008,0.0015840129926800728,0.03260866180062294,-0.017709875479340553,0.038142070174217224,0.04237350448966026,-0.033289238810539246,0.015845678746700287,0.0030885017476975918,-0.019751615822315216,-0.006676342338323593,-0.015446207486093044,-0.018331274390220642,-0.01620076410472393,-0.0009515174315311015,0.007360620889812708,0.00936537329107523,0.003902238793671131,0.013041984289884567,0.05983186140656471,0.020239857956767082,0.021674994379281998,0.05524534359574318,0.011481089517474174,-0.04234391450881958,0.04098275303840637,-0.05364746227860451,-0.009032480418682098,0.007804477587342262,0.013101165182888508,-0.015608955174684525,-0.01000156719237566,-0.07131294906139374,-0.020506171509623528,-0.047906916588544846,0.06356025487184525,0.014380952343344688,0.0070129334926605225,0.013478443957865238,-0.003939226735383272,-0.0003627140249591321,0.03166176751255989,-0.012945815920829773,0.02010670118033886,0.0033807072322815657,0.0283772274851799,0.012050705030560493,-0.030448557808995247,-0.003806069726124406,-0.03506466746330261,0.00191228196490556,0.014565892517566681,0.026616597548127174,-0.013271310366690159,0.026069173589348793,-0.00415745610371232,0.01958886906504631,-0.021083185449242592,0.0328453853726387,-0.0072829462587833405,0.006913065444678068,-0.00006767656304873526,0.0013306449400261045,0.000450098275905475,-0.015179893933236599,-0.0037764792796224356,-0.022488731890916824,0.0016663114074617624,0.042077600955963135,-0.00042443780694156885,-0.01179918646812439,-0.04693043231964111,-0.018272094428539276,0.030448557808995247,-0.020698510110378265,0.010941063985228539,0.005385459400713444,-0.00857382919639349,-0.011296149343252182,0.025477364659309387,0.024722808972001076,-0.05894414708018303,0.0077970800921320915,0.012686899863183498,0.013959288597106934,-0.019204193726181984,-0.006191798951476812,-0.004893518518656492,-0.025003917515277863,0.02827366068959236,-0.00841108150780201,-0.019662844017148018,0.006968547590076923,0.022681068629026413,-0.010608171112835407,0.015505388379096985,-0.001400922192260623,-0.02084646187722683,-0.0006126145017333329,0.029190964996814728,0.01168822217732668,-0.021201547235250473,0.016970114782452583,0.006062340456992388,0.009816627018153667,0.008351900614798069,0.006794703658670187,0.037964530289173126,0.002478199079632759,-0.015009748749434948,-0.018553202971816063,-0.0202102679759264,-0.02856956608593464,0.030951596796512604,-0.0018817668315023184,0.027607876807451248,-0.05163531005382538,-0.03917773813009262,0.018390456214547157,0.016659416258335114,-0.004531035665422678,-0.008536840789020061,0.012686899863183498,-0.041012343019247055,-0.013234322890639305,-0.0083001172170043,-0.013951890170574188,-0.006935258395969868,-0.01566813513636589,0.023568782955408096,-0.048528313636779785,0.006484004203230143,-0.0101051339879632,-0.016481872648000717,-0.036692142486572266,0.0012363253626972437,0.007286645006388426,-0.006432220805436373,-0.012457573786377907,-0.0028147902339696884,-0.004819542169570923,0.015697726979851723,-0.0002667762746568769,0.007656525354832411,0.0347391702234745,0.004153757356107235,-0.019455712288618088,0.011103810742497444,-0.020772486925125122,0.03775739669799805,-0.022621888667345047,-0.003404749557375908,-0.017872624099254608,0.0827348604798317,-0.013197334483265877,-0.004061287268996239,0.029057808220386505,0.036692142486572266,0.0015867871697992086,-0.003402900183573365,-0.024959532544016838,0.008862335234880447,0.00015165098011493683,0.020239857956767082,0.025063099339604378,0.012605525553226471,0.006820595357567072,0.02160101756453514,-0.03553811460733414,0.006602365989238024,-0.022074464708566666,-0.0038837448228150606,0.01938173547387123,0.028865469619631767,-0.00841847900301218,0.0447111502289772,0.010941063985228539,-0.007390211336314678,0.02635028399527073,-0.034236133098602295,-0.01979600079357624,0.014484518207609653,-0.031099548563361168,-0.025018714368343353,0.02106839045882225,0.024086615070700645,-0.0030015797819942236,0.04151538014411926,0.027593081817030907,0.001096695545129478,-0.03006388247013092,-0.026098765432834625,-0.025862041860818863,-0.014602879993617535,-0.013071575202047825,0.01914501190185547,0.0030367185827344656,0.017073681578040123,0.006657848134636879,0.05027415230870247,-0.021674994379281998,-0.004638300742954016,0.015564569272100925,-0.018494023010134697,-0.014639868400990963,-0.022518321871757507,0.0041130706667900085,-0.015830883756279945,-0.010038555599749088,0.040065448731184006,0.0007027728715911508,-0.02266627363860607,-0.038142070174217224,0.012220850214362144,0.008019007742404938,-0.001507262815721333,0.0503925122320652,0.0005719276377931237,-0.033407602459192276,0.02179335616528988,0.002613205462694168,0.012583333067595959,0.015564569272100925,-0.01237619947642088,0.029176170006394386,0.005784930195659399,-0.014935772866010666,-0.00038143922574818134,0.023228492587804794,0.01020870078355074,0.0283772274851799,-0.060601212084293365,-0.005130241625010967,-0.004982289858162403,0.027267586439847946,-0.023983048275113106,0.011207377538084984,0.0008927989401854575,-0.007693513296544552,-0.0010513851884752512,0.034975893795490265,0.01842004619538784,-0.00024527698406018317,-0.0006999987526796758,-0.0010005265939980745,0.006520992144942284,0.0012844098964706063,0.01725122332572937,0.037668626755476,-0.04021340236067772,0.025211051106452942,-0.0349167138338089,0.010526797734200954,-0.035183027386665344,0.03601156175136566,-0.01692572981119156,0.026720164343714714,0.005999460816383362,0.01360420323908329,-0.039532821625471115,0.03950323164463043,0.02552175149321556,-0.022370370104908943,0.008233538828790188,0.0032549479510635138,0.02000313438475132,-0.0011706716613844037,0.051280226558446884,-0.0013361931778490543,-0.00585150858387351,-0.02309533581137657,-0.0447111502289772,0.001917830086313188,-0.006058641709387302,-0.011569860391318798,-0.008078188635408878,-0.047995686531066895,0.006047545466572046,0.0035101654939353466,0.028495589271187782,-0.060482852160930634,-0.014839603565633297,-0.02901342324912548,0.0034694785717874765,-0.018997060135006905,0.031277090311050415,-0.028081323951482773,0.012257837690412998,-0.006628257688134909,0.013463648036122322,0.03746149316430092,-0.020402604714035988,0.04284695163369179,-0.01884910836815834,-0.026098765432834625,0.015283459797501564,0.007179379463195801,0.030093474313616753,0.04337957873940468,-0.00826312880963087,0.01896747015416622,0.02698647789657116,0.011340534314513206,-0.03799412027001381,0.03935528174042702,-0.0026945790741592646,-0.01586047373712063,0.0062657748349010944,0.014639868400990963,0.007316235452890396,-0.01979600079357624,0.044208113104104996,0.04394179582595825,0.02402743324637413,0.05352909862995148,0.005178326275199652,0.005943978670984507,-0.005777532700449228,0.0028869169764220715,0.009905398823320866,0.027607876807451248,-0.01333788875490427,-0.0030015797819942236,0.023021358996629715,0.04923848435282707,0.012220850214362144,-0.006946354638785124,0.003761684289202094,-0.009165637195110321,-0.034236133098602295,-0.029176170006394386,0.040686849504709244,-0.014839603565633297,-0.005315182264894247,-0.03121791034936905,0.02561052143573761,0.03737271949648857,0.0032457008492201567,-0.0031014475971460342,-0.01895267516374588,0.01628953590989113,0.02318410575389862,-0.01713286153972149,-0.009838820435106754,0.016999704763293266,0.025107484310865402,-0.015934450551867485,-0.011813981458544731,-0.025743680074810982,0.009631686843931675,0.0027315670158714056,-0.03515343740582466,0.003140284912660718,0.02457485720515251,0.014565892517566681,-0.050954729318618774,-0.017088476568460464,0.013300901278853416,-0.005847809836268425,0.04050930589437485,-0.0006445166654884815,0.02275504544377327,0.010341857559978962,0.01905624009668827,0.0009774090722203255,0.004808445926755667,0.014040661975741386,-0.02732676826417446,0.009750048629939556,0.01424039714038372,0.019722025841474533,0.025980403646826744,0.04530295729637146,-0.027356358245015144,0.022104056552052498,0.0166002344340086,0.023139720782637596,-0.0051598320715129375,0.010304869152605534,0.036129921674728394,0.0037912745028734207,-0.008766166865825653,0.014957965351641178,0.013988878577947617,-0.01917460188269615,0.0041130706667900085,0.008684792555868626,0.017206838354468346,-0.01852361299097538,0.012612923048436642,-0.020713305100798607,-0.028613951057195663,0.009084263816475868,0.03376268595457077,-0.0072126686573028564,-0.02001792937517166,0.01649666763842106,-0.03447285667061806,0.006620860192924738,0.013145551085472107,0.007208969909697771,-0.02232598327100277,0.011325739324092865,0.011725210584700108,0.02922055497765541,0.04681206867098808,0.004368287976831198,0.02740074321627617,-0.01000896468758583,-0.007164584472775459,-0.001432362012565136,-0.002176746493205428,0.004756662528961897,0.004368287976831198,0.0338810496032238,-0.02973838895559311,0.036485008895397186,-0.028199685737490654,-0.01991436257958412,-0.002748211845755577,0.026601802557706833,-0.008559033274650574,0.019130216911435127,0.01713286153972149,-0.02719361148774624,0.0018993361154571176,0.018494023010134697,-0.04139702022075653,-0.01523907482624054,0.01535743661224842,0.05574838072061539,0.01884910836815834,0.06131138280034065,-0.021837741136550903,0.0005599065334536135,-0.010585978627204895,0.007848863489925861,-0.0011604998726397753,0.006391534116119146,0.047048792243003845,0.0027204707730561495,-0.006924162153154612,0.00925440900027752,0.02658700756728649,0.014728639274835587,-0.007094306871294975,-0.0366329587996006,0.03343719244003296,0.007301439996808767,0.008026406168937683,-0.007885850965976715,0.010748726315796375,0.022740250453352928,-0.015697726979851723,0.009468939155340195,-0.008159562945365906,0.03565647453069687,-0.015475798398256302,-0.004360890481621027,-0.02244434505701065,0.01276087574660778,-0.00618809973821044,0.010260483250021935,0.024412110447883606,-0.004749265033751726,0.02784460037946701,-0.00230250577442348,0.019544482231140137,-0.01435136143118143,0.01745835691690445,0.0035249607171863317,0.029886340722441673,-0.0319872610270977,-0.005740544758737087,0.03325964882969856,-0.020994413644075394,0.010659954510629177,-0.02815530076622963,-0.038704290986061096,0.0005243055638857186,0.11155594140291214,-0.017443561926484108,-0.003976214677095413,-0.016156377270817757,0.013781745918095112,0.022104056552052498,-0.0022581201046705246,-0.0512506365776062,0.009838820435106754,0.0202102679759264,-0.027016067877411842,0.03692886233329773,-0.022059669718146324,0.01085229218006134,0.00989800039678812,-0.009195228107273579,0.025580931454896927,-0.003767232410609722,0.014743435196578503,-0.0018299835501238704,0.004153757356107235,0.001314925029873848,-0.01682216301560402,0.01068214699625969,0.003413996659219265,-0.009076866321265697,0.010659954510629177,-0.015949245542287827,-0.015845678746700287,0.00313473679125309,-0.018804721534252167,-0.007438295986503363,0.01747315190732479,-0.011377522721886635,-0.02043219655752182,-0.006317558232694864,-0.019736820831894875,0.023021358996629715,0.020151086151599884,0.009128649719059467,0.013197334483265877,0.016215559095144272,0.017709875479340553,0.001504488755017519,0.021216342225670815,-0.01085229218006134,-0.013145551085472107,-0.0026964284479618073,-0.0037949734833091497,0.008292719721794128,-0.007848863489925861,0.004834337625652552,-0.02424936182796955,0.00180594134144485,-0.027075249701738358,-0.00338810496032238,0.02328767254948616,0.002369084395468235,0.023302467539906502,-0.014824808575212955,-0.030004702508449554,0.0202102679759264,0.05406172573566437,-0.011347931809723377,0.009505927562713623,-0.009454144164919853,-0.04891299083828926,-0.005648074671626091,-0.031928081065416336,0.01970723085105419,0.021009208634495735,0.013685576617717743,-0.0030848030000925064,0.002104619750753045,-0.0037635336630046368,0.009764843620359898,-0.011281353421509266,-0.008684792555868626,0.010386243462562561,-0.05036292225122452,0.03547893092036247,-0.02633548714220524,0.03725435957312584,-0.030256221070885658,0.005278193857520819,0.006125220097601414,-0.012746080756187439,-0.005722050555050373,0.013729962520301342,0.025151871144771576,-0.0220152847468853,0.03355555608868599,0.009868410415947437,-0.026083968579769135,-0.01350063644349575,0.01519468892365694,-0.014380952343344688,-0.00291095906868577,-0.03802371025085449,-0.016570644453167915,0.019085831940174103,0.019292963668704033,-0.041752103716135025,-0.011547667905688286,-0.002075029304251075,0.024486085399985313,0.0202102679759264,0.009232215583324432,-0.013404467143118382,-0.0383492037653923,-0.006128918845206499,0.016881342977285385,0.008795756846666336,0.01568293198943138,-0.010201302357017994,-0.0016025070799514651,0.04332039877772331,-0.00753816356882453,0.04985988512635231,-0.02729717642068863,0.01725122332572937,0.046101897954940796,-0.0187455415725708,0.006861282512545586,0.016023220494389534,-0.02031383477151394,0.045569270849227905,0.017857827246189117,0.000383982143830508,0.01673339121043682,-0.0009210022981278598,-0.009624289348721504,-0.0002778726920951158,0.02179335616528988,0.02222241833806038,0.036573778837919235,-0.027652261778712273,0.016437487676739693,-0.0005266172811388969,-0.003545304061844945,-0.005618484225124121,0.011362727731466293,-0.010149519890546799,-0.013463648036122322,-0.017606308683753014,-0.012139475904405117,-0.05852988362312317,-0.028096118941903114,0.02751910500228405,0.039207328110933304,-0.03420654311776161,-0.0010800509480759501,-0.020491376519203186,0.0004378459707368165,-0.009705662727355957,0.016245149075984955,0.046960022300481796,-0.034354496747255325,-0.007205271162092686,-0.012169066816568375,-0.05207916721701622,-0.018997060135006905,-0.025980403646826744,0.011355330236256123,0.02063932828605175,-0.019973544403910637,0.013019791804254055,0.025063099339604378,0.014706446789205074,-0.013974083587527275,0.01434396393597126,-0.0008807778358459473,-0.048321183770895004,-0.013922300189733505,0.023124925792217255,-0.0002887379378080368,-0.008100382052361965,0.024412110447883606,0.0043830834329128265,-0.024160591885447502,-0.012183861806988716,0.048942580819129944,0.014743435196578503,0.033170878887176514,-0.01938173547387123,0.020772486925125122,-0.029827158898115158,-0.0026945790741592646,0.004464456811547279,0.01779864728450775,-0.0374910831451416,-0.0016589137958362699,-0.006972246337682009,-0.0025965608656406403,0.020994413644075394,0.023346854373812675,0.005962472874671221,0.00511174788698554,-0.005433543585240841,-0.006791004911065102,0.015461002476513386,-0.03376268595457077,-0.02456006221473217,0.012442778795957565,-0.01412203535437584,-0.005045169498771429,-0.00018413111683912575,0.008958504535257816,-0.008906721137464046,0.005707255564630032,-0.013685576617717743,0.002857326529920101,0.030123064294457436,-0.007885850965976715,0.04340916872024536,0.013130756095051765,0.007024029735475779,0.03831961378455162,0.011148196645081043,-0.02203007973730564,0.009794434532523155,0.002644645282998681,-0.024589652195572853,-0.012294826097786427,-0.0003250324516557157,-0.026749754324555397,0.030300606042146683,-0.014691651798784733,-0.010526797734200954,0.019648049026727676,-0.015520183369517326,-0.0223555751144886,0.014262590557336807,0.007131295278668404,-0.016467077657580376,0.0301822442561388,-0.000012028338460368104,0.004956398159265518,-0.02932412177324295,0.019825592637062073,-0.06213991716504097,0.010497206822037697,-0.010282676666975021,-0.0033122794702649117,0.008218743838369846,-0.00819655042141676,-0.015039338730275631,-0.016467077657580376,-0.0074826814234256744,-0.008048598654568195,-0.009912796318531036,0.01599363051354885,0.0252850279211998,-0.012331814505159855,-0.023775914683938026,0.0045458306558430195,0.02571408823132515,0.012206055223941803,0.001733814598992467,0.007216367404907942,-0.004061287268996239,-0.00513394083827734,-0.004730770830065012,0.04994865506887436,-0.01565334014594555,0.011473692022264004,-0.009831422008574009,0.009032480418682098,0.013803938403725624,0.015283459797501564,-0.03047814965248108,0.04148579016327858,-0.021260729059576988,0.012265236116945744,-0.01821291260421276,-0.013707769103348255,-0.0033178275916725397,0.012672103941440582,0.04580599442124367,0.033614736050367355,0.0132861053571105,0.04870585724711418,0.04382343590259552,0.02478199079632759,-0.04198882728815079,0.0005118220578879118,0.0187455415725708,0.023332059383392334,0.006439618766307831,-0.011495884507894516,0.039118558168411255,0.022888202220201492,0.015934450551867485,0.05178326368331909,-0.015283459797501564,0.05323319509625435,-0.02308054082095623,-0.030330196022987366,-0.0019529687706381083,0.018863903358578682,0.014469723217189312,-0.026542620733380318,0.023953458294272423,-0.005496423691511154,0.0029812364373356104,0.011947138234972954,-0.007275548297911882,0.02444170042872429,-0.028554771095514297,0.02898383140563965,0.015520183369517326,-0.0015488744247704744,-0.0029387001413851976,0.019426120445132256,0.024293748661875725,-0.02041740156710148,-0.0132861053571105,0.03808289021253586,0.03725435957312584,0.03204644098877907,0.0029645918402820826,0.03240152820944786,0.0024356627836823463,0.018464431166648865,0.044089749455451965,0.0013445154763758183,-0.0017356639727950096,0.016881342977285385,-0.0013676329981535673,-0.021867332980036736,0.01620076410472393,-0.038260433822870255,-0.011155594140291214,0.003913335036486387,0.005341073498129845,0.012198656797409058,-0.024101410061120987,0.026083968579769135,-0.00013327255146577954,0.009631686843931675,-0.0038689495995640755,-0.021319909021258354,-0.006543185096234083,-0.006783607415854931,-0.03080364316701889,0.012398392893373966,0.016437487676739693,0.021556632593274117,0.026542620733380318,0.020876051858067513,-0.02308054082095623,0.043882615864276886,0.017635900527238846,0.01507632713764906,-0.034887123852968216,-0.016984909772872925,-0.008817950263619423,-0.010785713791847229,0.017709875479340553,0.0034694785717874765,-0.018671564757823944,-0.025388594716787338,-0.01196193415671587,-0.02075769007205963,0.014159023761749268,0.007959826849400997,-0.024589652195572853,0.004660493694245815,-0.02509268932044506,0.012413187883794308,-0.016541054472327232,-0.05545247718691826,0.002350590191781521,-0.0187455415725708,0.0008326933602802455,-0.014025866985321045,0.0197812058031559,0.019958749413490295,-0.017635900527238846,-0.0007753618992865086,-0.004664192441850901,-0.013959288597106934,0.006765113212168217,-0.00994238629937172,0.009528120048344135,-0.007604741957038641,0.009557710960507393,-0.025122279301285744,0.0014906182186678052]');
INSERT INTO `faqs` (`id`, `question`, `answer`, `embedding`) VALUES
(8, 'Can I get a health certificate for travel?', 'Yes, we issue health certificates for pets traveling domestically and internationally.', '[0.0153910918161273,0.017158308997750282,-0.0020554878283292055,0.019439399242401123,-0.07585251331329346,0.014150278642773628,-0.031609389930963516,0.014839619398117065,0.010672243312001228,0.05715258792042732,-0.03020564466714859,0.01535349152982235,0.016644436866044998,0.017308712005615234,-0.07309515029191971,-0.0028419625014066696,0.0361715704202652,0.046098072081804276,-0.0030236977618187666,0.02031674236059189,0.028801895678043365,0.03068191558122635,-0.036121439188718796,-0.03707398101687431,0.0027871285565197468,-0.029202966019511223,-0.0031286654993891716,-0.03965587541460991,0.015303357504308224,-0.020329276099801064,0.028751762583851814,-0.02962910383939743,-0.008980225771665573,0.018361521884799004,-0.022823434323072433,0.013511071912944317,0.02955390326678753,0.008585421368479729,0.007382209412753582,-0.027147479355335236,-0.01760951429605484,0.00980116706341505,0.05238987132906914,-0.011305183172225952,-0.03750011697411537,0.018073253333568573,-0.0012784131104126573,0.0029422303196042776,-0.001889419392682612,-0.0018878527916967869,-0.012345460243523121,0.028651494532823563,0.013047333806753159,0.04148576036095619,-0.009870101697742939,-0.03479289263486862,0.008065283298492432,0.022497564554214478,0.006749269552528858,-0.03739985078573227,0.03201046213507652,0.016807373613119125,-0.0010911945719271898,0.009375029243528843,0.02070527896285057,0.028300557285547256,0.015503892675042152,0.026069601997733116,-0.0027228945400565863,-0.032712336629629135,-0.004092175513505936,0.04396738484501839,0.029980041086673737,-0.003459235653281212,-0.05539790168404579,0.015817228704690933,-0.0278493519872427,-0.0033621012698858976,0.05434509366750717,0.01923886500298977,-0.05133705958724022,0.020304208621382713,0.021532487124204636,0.020229008048772812,-0.014463615603744984,0.029353369027376175,-0.026094667613506317,0.014839619398117065,0.0153910918161273,-0.006504866760224104,0.006392065901309252,0.041109755635261536,-0.012827998958528042,-0.000979960081167519,0.06557507067918777,0.004768982529640198,-0.010979312472045422,0.05131199583411217,-0.04532099887728691,-0.02120661735534668,-0.03175979480147362,0.0006066979258321226,-0.012777864933013916,0.0022857901640236378,0.031158186495304108,0.006586334202438593,-0.0236506424844265,0.0672294944524765,0.007043805904686451,-0.007357142399996519,0.013047333806753159,-0.011775187216699123,0.04316524416208267,0.015817228704690933,-0.0054833898320794106,0.014889753423631191,-0.016180699691176414,-0.09766073524951935,-0.027047211304306984,-0.03128352016210556,-0.023813577368855476,-0.02485385537147522,0.017258577048778534,-0.07575224339962006,-0.005759126041084528,0.006150796543806791,-0.0474516861140728,-0.010609575547277927,-0.01842418871819973,-0.03509369492530823,0.021670356392860413,-0.021946093067526817,0.05489656329154968,-0.02170795574784279,-0.010258638300001621,0.021532487124204636,0.025580795481801033,-0.04995838180184364,-0.016920173540711403,0.007726879324764013,0.03536942973732948,0.051211725920438766,0.003916706889867783,-0.0036472375504672527,-0.021958624944090843,-0.007476210128515959,0.0025646595750004053,0.003037797985598445,0.010346372611820698,0.011236248537898064,0.013636406511068344,0.03203552961349487,-0.048855435103178024,0.031609389930963516,-0.007031272165477276,-0.0004660881240852177,0.02742321603000164,-0.006498599890619516,-0.02351277507841587,0.06301824748516083,-0.0224098302423954,0.021357020363211632,-0.023099170997738838,0.021883424371480942,0.017421511933207512,-0.026044534519314766,0.05148746073246002,-0.016606837511062622,-0.03020564466714859,0.016418835148215294,-0.028801895678043365,-0.00980116706341505,-0.028400825336575508,0.00509171886369586,-0.012708930298686028,-0.0006341148400679231,0.04151082783937454,-0.023337306454777718,-0.006392065901309252,0.004076508339494467,-0.023111704736948013,0.048830367624759674,-0.04737648740410805,0.008629288524389267,-0.0006959988386370242,0.021319419145584106,0.006630201358348131,-0.015140422619879246,-0.03684837743639946,0.05238987132906914,-0.00377257214859128,-0.021482354030013084,-0.01364894025027752,-0.005166919901967049,-0.039430271834135056,-0.036622777581214905,0.008629288524389267,-0.061815034598112106,0.05076052248477936,-0.021770624443888664,-0.014463615603744984,-0.0476020909845829,-0.024766121059656143,-0.04010707885026932,-0.01230785995721817,-0.022735700011253357,0.026144802570343018,-0.012959599494934082,0.05163786560297012,-0.022798366844654083,0.017910316586494446,0.003358967835083604,-0.0010418440215289593,0.04857970029115677,-0.0009627265390008688,0.008297151885926723,0.03514382615685463,-0.0043052444234490395,0.06517400592565536,0.0061476631090044975,-0.02732294797897339,0.011255049146711826,0.06407105922698975,-0.028325624763965607,-0.0036347040440887213,-0.07003698498010635,-0.02855122648179531,-0.01897566206753254,-0.014927353709936142,-0.037149183452129364,-0.029904840514063835,0.007081406190991402,-0.023186905309557915,-0.04469432681798935,0.0008843924151733518,0.005934594199061394,0.021670356392860413,-0.01881272718310356,0.005141852889209986,-0.057353124022483826,0.0074323429726064205,0.00518258661031723,0.023399973288178444,0.014588950201869011,0.020429544150829315,-0.029779506847262383,-0.04935677349567413,-0.07881040871143341,0.020517276600003242,0.0017452846514061093,-0.028350692242383957,-0.007639145012944937,0.03667290881276131,-0.09209588170051575,-0.018060719594359398,0.05524750053882599,-0.04148576036095619,-0.040583349764347076,-0.006150796543806791,0.01645643636584282,-0.0006235397304408252,-0.016581770032644272,-0.027197612449526787,-0.05434509366750717,-0.021357020363211632,-0.011944388970732689,-0.015453758649528027,-0.006837003398686647,-0.037700653076171875,0.04176149517297745,-0.013122535310685635,0.022297028452157974,0.015779629349708557,-0.0053549217991530895,-0.057854462414979935,0.01794791780412197,0.01536602433770895,0.005135586019605398,0.019690068438649178,-0.04243830218911171,-0.04732635244727135,0.0072694080881774426,-0.03361474722623825,-0.05820539966225624,0.04319031164050102,0.012213858775794506,0.03792625665664673,-0.01308493409305811,-0.03862813115119934,0.0033903014846146107,0.07550157606601715,0.009218361228704453,0.045521534979343414,0.019853003323078156,0.01590496301651001,0.013674006797373295,-0.013736674562096596,0.0025301927234977484,-0.0011750120902433991,-0.013072401285171509,-0.02454051934182644,0.04100948944687843,-0.0024079913273453712,0.010559441521763802,-0.01758444681763649,0.05073545500636101,0.025467995554208755,-0.010452907532453537,0.006044262088835239,0.007469943258911371,-0.016092965379357338,-0.01158718578517437,-0.03953053802251816,-0.010001703165471554,0.02123168483376503,-0.06041128933429718,-0.030882449820637703,0.019514599815011024,0.059559013694524765,-0.016807373613119125,0.04424311965703964,0.010239838622510433,0.046674612909555435,0.028751762583851814,-0.04965757578611374,0.0033401676919311285,0.040583349764347076,0.03306327387690544,0.011975723318755627,-0.010283705778419971,-0.016443902626633644,0.028150156140327454,0.003957440610975027,-0.01060330867767334,-0.047877825796604156,0.01907593011856079,0.0015251656295731664,0.0251421257853508,0.00908049289137125,0.04411778599023819,0.010885312221944332,-0.0075138104148209095,-0.036321971565485,0.022510098293423653,-0.005232720635831356,-0.0011444617994129658,-0.00866062194108963,0.01505268830806017,-0.0015337824588641524,-0.0036033703945577145,-0.0018909861100837588,0.006110062822699547,-0.02581893280148506,0.058907270431518555,-0.04266390576958656,-0.03474275767803192,0.025969333946704865,-0.0015807829331606627,-0.005724658723920584,0.000994843547232449,-0.030030176043510437,-0.02900243178009987,0.051061324775218964,0.04637381061911583,0.03253686800599098,0.028676562011241913,-0.03669797629117966,-0.03233633190393448,-0.03529423102736473,0.00028513625147752464,0.020191406831145287,-0.0674801617860794,0.05549817159771919,-0.045571669936180115,-0.010007969103753567,-0.014200412668287754,0.027598682790994644,0.020354341715574265,0.05915794149041176,0.02209649421274662,-0.0008091916679404676,0.01818605326116085,-0.0023938913363963366,0.022397296503186226,-0.013435871340334415,0.06973618268966675,-0.039931610226631165,-0.00990770198404789,-0.02485385537147522,0.02425224892795086,0.022785834968090057,-0.01128638256341219,-0.02175809070467949,-0.005264054052531719,-0.006413999479264021,0.06853297352790833,-0.025267459452152252,0.0783592090010643,-0.011367850005626678,-0.05464589595794678,-0.02063007839024067,-0.011963189579546452,0.015265757218003273,0.010108237154781818,0.027648817747831345,0.018323922529816628,-0.05324214696884155,-0.033263809978961945,-0.01732124388217926,0.03677317872643471,-0.027648817747831345,-0.019326599314808846,0.015453758649528027,0.0008499253890477121,0.03201046213507652,-0.006354465149343014,-0.011361583136022091,0.006667801644653082,0.007908614352345467,-0.08873691409826279,-0.005618124268949032,0.0056933253072202206,-0.015428692102432251,0.022221827879548073,-0.017935384064912796,-0.042187634855508804,0.00770181231200695,-0.021369552239775658,-0.014350813813507557,-0.04602287337183952,-0.04068361967802048,-0.029854707419872284,0.04406765103340149,0.05489656329154968,-0.021682890132069588,0.05720272287726402,0.004418045282363892,-0.010634643025696278,0.008284618146717548,-0.011963189579546452,-0.006072462536394596,-0.02411438152194023,0.008742089383304119,-0.02910269983112812,-0.03291287273168564,-0.018173519521951675,0.013849475421011448,0.052740808576345444,0.01272773090749979,0.007325808517634869,0.012088524177670479,-0.018273787572979927,-0.013310536742210388,-0.018486857414245605,-0.021958624944090843,-0.008535287342965603,-0.0066490015015006065,-0.04080895334482193,-0.004668714478611946,0.007206740789115429,0.045471400022506714,0.036021169275045395,0.048303961753845215,0.0362718403339386,0.02288610115647316,0.00089144246885553,0.0013473471626639366,-0.02199622616171837,0.006605134345591068,-0.03188512846827507,0.020304208621382713,-0.0181359201669693,-0.003722438355907798,0.018248720094561577,0.05213920399546623,-0.010791311040520668,0.03426648676395416,0.004383578430861235,-0.01792285032570362,-0.016832439228892326,0.013247869908809662,0.02070527896285057,-0.07179167121648788,-0.013473471626639366,0.0784594714641571,0.008466353639960289,0.013398271054029465,-0.014739351347088814,-0.028125088661909103,-0.00224662316031754,-0.004518313333392143,0.051161590963602066,-0.02744828164577484,-0.012834264896810055,0.011831588111817837,0.019201263785362244,-0.004405512008816004,-0.006128862965852022,-0.00826581846922636,-0.014338281005620956,-0.008052749559283257,-0.021319419145584106,-0.03469262272119522,0.028676562011241913,0.03281260281801224,-0.026119735091924667,-0.03674811124801636,0.006573800928890705,0.036071304231882095,-0.031509123742580414,-0.021031148731708527,-0.014676684513688087,0.0010833611013367772,-0.01582976244390011,-0.046047940850257874,0.001596449757926166,0.027022143825888634,0.017622048035264015,-0.012997199781239033,0.010070636868476868,-0.016606837511062622,-0.001859652460552752,-0.03288780525326729,-0.003067564917728305,-0.01398734375834465,0.043867118656635284,-0.006536200642585754,-0.04654927924275398,0.02566852979362011,-0.008090349845588207,-0.01666950434446335,-0.02799975499510765,-0.029378434643149376,-0.025919198989868164,0.010766243562102318,0.0006501733441837132,-0.001281546545214951,0.011938123032450676,-0.018073253333568573,0.03236139938235283,-0.014889753423631191,0.004609180614352226,0.018875394016504288,-0.034391820430755615,0.023450108245015144,-0.04512046277523041,0.022083960473537445,0.011380383744835854,0.01512788888067007,-0.008785956539213657,-0.017283644527196884,-0.007526344154030085,-0.013222802430391312,0.012972133234143257,-0.011079580523073673,0.04797809198498726,0.018536990508437157,-0.03795132413506508,-0.0014656317653134465,-0.012896932661533356,0.015102822333574295,0.01106077991425991,0.013022267259657383,-0.005104252602905035,-0.018023118376731873,0.06361985206604004,-0.018273787572979927,-0.04186176508665085,0.012138658203184605,-0.02461571991443634,0.0013489138800650835,0.007589011453092098,-0.0067931367084383965,0.01050930842757225,0.05660111457109451,0.04705061763525009,0.014438548125326633,-0.029779506847262383,0.015591626986861229,0.025317594408988953,0.020191406831145287,0.03519396111369133,-0.005708992015570402,-0.02684667520225048,0.012527195736765862,0.027272813022136688,0.005029051564633846,-0.02581893280148506,-0.007657945156097412,0.04236310347914696,-0.029528837651014328,0.02616986818611622,-0.002910896670073271,0.0016544170212000608,0.008115416392683983,0.0389540009200573,-0.014701751060783863,0.010691042989492416,-0.03456728905439377,0.0018267520936205983,0.016368702054023743,0.02015380747616291,0.04138549044728279,0.003722438355907798,-0.01200705673545599,-0.0015721661038696766,0.009544230997562408,-0.002309290459379554,-0.012671330012381077,0.002802795497700572,-0.02907763235270977,0.009049159474670887,-0.030305910855531693,0.01603029854595661,0.029929907992482185,0.019589802250266075,-0.03476782515645027,-0.01020850520581007,0.011449317447841167,-0.018862860277295113,0.028049888089299202,0.022610366344451904,0.00512305274605751,0.005348654929548502,-0.02123168483376503,0.022773301228880882,0.014889753423631191,-0.008046482689678669,-0.04867996647953987,0.002885829657316208,-0.0053549217991530895,-0.0046436479315161705,-0.008547821082174778,-0.0032367666717618704,0.010791311040520668,0.020241541787981987,-0.023913845419883728,0.005821793340146542,-0.014175346121191978,-0.018599657341837883,0.021482354030013084,-0.028200289234519005,0.03133365511894226,-0.03466755524277687,0.015541492961347103,0.031032852828502655,-0.012082257308065891,-0.004533980041742325,0.060712091624736786,-0.008065283298492432,0.021532487124204636,0.003669171128422022,-0.03243660181760788,-0.029177900403738022,0.002337490674108267,0.010083170607686043,-0.003697371343150735,0.010597041808068752,-0.012113590724766254,0.006887137424200773,-0.003377767978236079,0.04522073268890381,-0.026495739817619324,0.014413481578230858,-0.01871245913207531,0.027824286371469498,0.018988195806741714,0.00503218499943614,-0.026621073484420776,-0.03023071028292179,-0.03674811124801636,-0.01926393061876297,-0.029528837651014328,-0.07319542020559311,0.021131416782736778,-0.007369675673544407,-0.011054513975977898,0.023863712325692177,-0.012639996595680714,0.0027886952739208937,0.013185202144086361,0.01763458177447319,0.005912660621106625,0.04098442196846008,0.0014867819845676422,0.008848624303936958,0.026069601997733116,-0.018536990508437157,-0.036547575145959854,0.037149183452129364,0.009180760942399502,0.011317715980112553,0.021557554602622986,0.030406178906559944,0.006319998297840357,0.05875686928629875,0.00990770198404789,-0.02065514586865902,0.003935507033020258,-0.039906542748212814,0.012470794841647148,-0.011486917734146118,0.01947700046002865,-0.036046236753463745,-0.0005401138914749026,-0.0007633661734871566,-0.014588950201869011,0.017772449180483818,0.044543925672769547,0.0090428926050663,-0.019176196306943893,0.0038885066751390696,-0.009600631892681122,0.0005761475767940283,-0.0011906789150089025,-0.0028450959362089634,0.006319998297840357,0.034391820430755615,0.007187940645962954,0.007657945156097412,0.018361521884799004,0.04100948944687843,0.035996101796627045,-0.012408127076923847,0.028225356712937355,0.025869065895676613,0.006379532162100077,-0.0018486856715753675,0.02314930409193039,-0.03236139938235283,-0.024415183812379837,-0.01143051777034998,0.006598867941647768,-0.010396506637334824,-0.013937209732830524,0.025593329221010208,-0.01512788888067007,-0.015378558076918125,-0.006354465149343014,-0.012677596881985664,-0.00608186237514019,-0.028626427054405212,-0.00157294946257025,-0.020579945296049118,0.006912204436957836,0.005868793465197086,0.015228156931698322,-0.00876715686172247,0.03872839733958244,-0.022209294140338898,0.007225540932267904,0.009312362410128117,-0.030381111428141594,-0.02217169478535652,0.04409271851181984,-0.028200289234519005,-0.018674857914447784,0.005922060925513506,-0.010910378769040108,0.012997199781239033,0.02915283292531967,0.019100995734333992,-0.00854155421257019,-0.0033934349194169044,-0.0012118291342630982,0.02123168483376503,-0.03459235653281212,-0.010853977873921394,-0.003015864407643676,-0.0008091916679404676,-0.026119735091924667,0.005229587201029062,-0.015892429277300835,0.012276526540517807,0.04431832209229469,-0.012483328580856323,-0.05193866789340973,0.009939035400748253,0.041560959070920944,-0.0033840348478406668,0.03068191558122635,-0.03145898878574371,-0.009443963877856731,-0.009619432501494884,-0.017722316086292267,0.01991567201912403,-0.04023241251707077,-0.00850395392626524,0.005010251421481371,-0.00019661868282128125,-0.0065675340592861176,0.0018580857431516051,0.005627524573355913,-0.00466558150947094,-0.011693719774484634,0.004834782797843218,-0.01200705673545599,-0.03130858764052391,-0.04068361967802048,0.014200412668287754,-0.029528837651014328,-0.036071304231882095,0.0016904507065191865,-0.026495739817619324,0.058355800807476044,0.0007672829087823629,-0.03589583560824394,-0.026370404288172722,-0.013310536742210388,0.0032869004644453526,0.0029625971801579,0.02319943904876709,0.016180699691176414,0.005567990709096193,0.028275489807128906,-0.013786808587610722,-0.006282398011535406,0.025029323995113373,-0.002509825862944126,0.00004876300226897001,0.04920637235045433,-0.008773423731327057,0.017446579411625862,0.024766121059656143,0.003794505726546049,-0.011248782277107239,0.0020915213972330093,-0.02540532685816288,0.0019787203054875135,-0.00044963794061914086,-0.0026100934483110905,0.024001579731702805,0.013197735883295536,-0.00960689876228571,0.022033825516700745,-0.02301143668591976,-0.01681990548968315,-0.0038415060844272375,-0.012345460243523121,-0.02569359727203846,0.034868091344833374,0.006307465024292469,-0.04141055792570114,0.0031552989967167377,0.0004202626587357372,0.023450108245015144,0.0015306490240618587,-0.013398271054029465,0.006473533343523741,0.016782306134700775,0.034817956387996674,-0.0252173263579607,0.0027307281270623207,-0.007006205152720213,0.03013044223189354,0.026671206578612328,0.01849938929080963,-0.0072568743489682674,-0.008378619328141212,0.02017887495458126,-0.015015088021755219,0.017408978193998337,0.010897845029830933,-0.007250607945024967,0.029829639941453934,-0.029378434643149376,0.002827862510457635,-0.021958624944090843,-0.018010584637522697,0.0016685171285644174,0.0018157853046432137,-0.04201216623187065,0.008898758329451084,0.014125212095677853,-0.030581647530198097,-0.01104824710637331,0.0023437573108822107,-0.02852615900337696,-0.041034553200006485,0.0030283976811915636,-0.0068746041506528854,0.03283767029643059,0.0007147990399971604,0.042864441871643066,0.019414333626627922,-0.01727111078798771,-0.007720612455159426,-0.011054513975977898,0.01590496301651001,-0.002591293305158615,0.0015799995744600892,-0.0030800984241068363,0.008391153067350388,0.012420660816133022,-0.006191530264914036,0.027824286371469498,-0.007407275959849358,0.012834264896810055,-0.010258638300001621,0.027072278782725334,-0.023562908172607422,0.028350692242383957,0.0036033703945577145,0.024339983239769936,0.017596980556845665,0.004997718147933483,-0.009287295863032341,0.03574543446302414,0.0118629215285182,0.009613165631890297,-0.019802870228886604,-0.037750788033008575,-0.01616816595196724,-0.0015251656295731664,0.03351447731256485,0.01918873004615307,0.029503770172595978,0.0728444829583168,0.03639717400074005,-0.008591688238084316,-0.019715135917067528,0.006743002682924271,-0.03226113319396973,0.00010203021520283073,-0.015566560439765453,-0.05319201201200485,-0.03975614160299301,0.02128181792795658,-0.004574713762849569,-0.04063348472118378,-0.04196203127503395,0.04191189631819725,0.008272085338830948,0.029704304412007332,-0.013360670767724514,-0.00964449904859066,-0.027122411876916885,-0.002199622569605708,-0.004336577840149403,-0.003512502880766988,0.00640459917485714,-0.023613043129444122,-0.037775855511426926,-0.07214260846376419,0.016180699691176414,0.033238742500543594,0.007726879324764013,-0.00644219946116209,0.002328090602532029,-0.021419687196612358,0.004775248933583498,0.006479799747467041,0.045571669936180115,0.022485030815005302,0.0032963005360215902,-0.01116731483489275,0.03855292871594429,0.048329029232263565,0.008992759510874748,-0.00826581846922636,0.010321306064724922,0.025593329221010208,-0.01619323343038559,-0.014651617035269737,0.04073375090956688,0.07169140130281448,0.032762471586465836,0.011298916302621365,0.01732124388217926,0.014802019111812115,-0.051061324775218964,0.012157457880675793,-0.00341223506256938,0.021770624443888664,-0.0011123447911813855,0.018461789935827255,-0.01984047144651413,-0.00880475714802742,0.055548302829265594,0.009895168244838715,-0.028927231207489967,0.026520805433392525,0.02962910383939743,0.03865319862961769,0.02314930409193039,0.03674811124801636,0.019326599314808846,0.024001579731702805,-0.028100023046135902,-0.0025646595750004053,0.01128638256341219,0.027022143825888634,-0.0025286260060966015,0.013536139391362667,-0.012201325036585331,0.028024820610880852,-0.004878649953752756,-0.017571913078427315,0.02034180983901024,-0.0017907184083014727,0.03291287273168564,0.025305060669779778,0.02367570996284485,0.028049888089299202,-0.01823618821799755,0.013811875134706497,-0.022472497075796127,0.013160135596990585,0.006529933772981167,0.03128352016210556,0.018963128328323364,0.024402650073170662,-0.027272813022136688,-0.011380383744835854,-0.0036472375504672527,-0.03311340883374214,0.023525308817625046,-0.023450108245015144,0.011712520383298397,-0.02298636920750141,0.005533523391932249,-0.006573800928890705,-0.03013044223189354,0.005834326613694429,-0.015340957790613174,0.0180857852101326,0.0037757055833935738,-0.013335603289306164,0.02627013623714447,-0.01535349152982235,0.023349840193986893,0.003944907337427139,0.0030095975380390882,0.026019467040896416,-0.013761741109192371,-0.0020382541697472334,0.01616816595196724,0.010741177015006542,0.00952543132007122,0.02910269983112812,0.03872839733958244,-0.01626843400299549,-0.016882574185729027,0.05474616214632988,-0.03253686800599098,-0.013661473989486694,-0.0031599991489201784,-0.006304331589490175,-0.002804362215101719,-0.008071549236774445,0.004261377267539501,-0.009237161837518215,-0.029253100976347923,0.03760038688778877,0.010152104310691357,-0.015679361298680305,-0.007238074205815792,-0.024741053581237793,-0.04296470806002617,-0.01895059458911419,0.005201386753469706,0.0017202176386490464,-0.03850279748439789,-0.0125710628926754,0.02075541391968727,-0.015554026700556278,0.033263809978961945,0.034968357533216476,0.010120770893990993,0.043867118656635284,0.010797577910125256,0.005828059744089842,0.03426648676395416,0.017935384064912796,0.012025857344269753,0.007883547805249691,-0.021219151094555855,-0.009155694395303726,0.009174494072794914,0.023111704736948013,-0.0021118882577866316,0.05030931532382965,0.014877219684422016,-0.013573739677667618,-0.04171136021614075,-0.016356168314814568,-0.0209684818983078,0.01022103801369667,-0.0307069830596447,0.01640630140900612,-0.01753431372344494,0.0038446395192295313,0.0308072492480278,0.00850395392626524,0.011486917734146118,0.0180857852101326,0.028200289234519005,0.03183499351143837,-0.005405055359005928,0.01708310842514038,0.017120709642767906,0.009732233360409737,0.014037477783858776,-0.02857629396021366,0.013874542899429798,-0.007169140502810478,0.023913845419883728,-0.012765331193804741,-0.02449038438498974,0.008999025449156761,-0.013799341395497322,0.009061693213880062,0.025104524567723274,-0.02408931404352188,0.02739814855158329,-0.035469699651002884,-0.016230832785367966,-0.06221610680222511,0.020266607403755188,-0.0039511737413704395,-0.026746409013867378,-0.012552262283861637,-0.039405204355716705,0.036622777581214905,0.009174494072794914,0.018699925392866135,-0.04176149517297745,-0.010083170607686043,-0.006169596686959267,-0.01188798900693655,0.01873752661049366,-0.050083715468645096,0.028200289234519005,0.018248720094561577,0.023374907672405243,-0.0017719182651489973,0.009951569139957428,-0.0671292245388031,-0.0031521657947450876,-0.03236139938235283,0.039906542748212814,-0.012445728294551373,0.005248387344181538,0.0017186510376632214,-0.009707166813313961,0.002417391398921609,0.005580523982644081,0.07505036890506744,0.004740782082080841,0.026997078210115433,0.013185202144086361,0.04151082783937454,-0.0027448281180113554,0.0038101724348962307,0.03584570065140724,0.004872383549809456,0.055598437786102295,-0.04903090372681618,0.027598682790994644,-0.0062761311419308186,0.011317715980112553,-0.019502067938447,-0.0045151798985898495,-0.002757361624389887,-0.008641822263598442,-0.0060191950760781765,-0.0057998597621917725,0.016995374113321304,-0.05429495871067047,0.016832439228892326,0.010597041808068752,0.011919322423636913,-0.02955390326678753,-0.004994584713131189,0.02259783260524273,-0.0016857506707310677,0.039455339312553406,-0.01425054669380188,0.04409271851181984,0.0009384430013597012,-0.007939948700368404,0.0067680696956813335,-0.03025577776134014,-0.011869188398122787,0.047727424651384354,0.0182111207395792,0.0448697954416275,0.01036517322063446,-0.01979033648967743,-0.004828516393899918,0.010020502842962742,0.005426988936960697,0.04429325461387634,-0.010014235973358154,0.006887137424200773,-0.030506446957588196,-0.0065111336298286915,0.007407275959849358,0.02734801359474659,-0.015228156931698322,0.00009860309364739805,0.0076328786090016365,0.027022143825888634,0.007482476998120546,-0.021845825016498566,0.03251180052757263,0.0004962467937730253,0.00938129611313343,-0.026972010731697083,0.007344608660787344,-0.030882449820637703,-0.029854707419872284,0.01732124388217926,0.0032054330222308636,0.0004280960711184889,-0.02747334912419319,0.006811936851590872,0.0053799888119101524,-0.013310536742210388,-0.00784594751894474,0.036096371710300446,0.005135586019605398,0.0036754377651959658,0.007488743402063847,0.009713432751595974,0.013899609446525574,0.042789239436388016,-0.016092965379357338,-0.009143160656094551,0.022635431960225105,0.01989060454070568,-0.003590836888179183,-0.0035563698038458824,-0.018461789935827255,-0.002907763235270977,0.05660111457109451,0.017960451543331146,-0.002359424252063036,0.015115355141460896,0.02060501091182232,-0.04928157478570938,0.004364778287708759,-0.00269626104272902,0.00016567669808864594,-0.010578242130577564,-0.027122411876916885,0.019978338852524757,0.033288873732089996,0.020304208621382713,-0.001453098258934915,0.05464589595794678,-0.043867118656635284,0.003120832145214081,-0.014814551919698715,-0.009688366204500198,-0.02173302322626114,-0.03760038688778877,-0.007783280219882727,0.0004202626587357372,-0.036021169275045395,-0.031158186495304108,-0.013611339963972569,-0.013511071912944317,0.004471312742680311,-0.0026946943253278732,0.040583349764347076,0.01228279247879982,-0.031108053401112556,0.010753710754215717,0.015579093247652054,0.023600509390234947,0.006542467046529055,-0.004508913028985262,0.0032555668149143457,0.020617544651031494,0.008428753353655338,-0.030606715008616447,0.03018057718873024,0.0030550314113497734,0.012514661997556686,0.04980797693133354,0.020529810339212418,-0.02480372227728367,-0.01905086264014244,0.033765148371458054,0.009180760942399502,-0.0337400808930397,-0.01839912310242653,-0.01086651161313057,0.013824408873915672,-0.03795132413506508,-0.006899670697748661,-0.007589011453092098,-0.037775855511426926,-0.02632027119398117,0.0002336315665161237,0.0027996620628982782,0.004242577124387026,0.024477850645780563,-0.013736674562096596,-0.00008866445568855852,-0.014689217321574688,-0.008560354821383953,-0.02561839669942856,-0.025204792618751526,-0.01991567201912403,-0.0033401676919311285,-0.02907763235270977,0.009738500230014324,-0.00030491562210954726,0.020504744723439217,0.016331100836396217,0.0014154978562146425,-0.0038665730971843004,0.019176196306943893,0.033213675022125244,-0.016732171177864075,0.01792285032570362,0.018963128328323364,0.004195576533675194,0.006041128654032946,-0.021143950521945953,0.033765148371458054,-0.020880747586488724,0.02324957214295864,-0.0019254530780017376,0.011104647070169449,-0.005696458742022514,0.026069601997733116,-0.01897566206753254,0.014588950201869011,0.015328424051404,-0.0045151798985898495,0.021131416782736778,-0.005458322819322348,-0.00697487173601985,0.014238012954592705,0.028200289234519005,-0.002480058930814266,0.013974810019135475,0.016644436866044998,0.0018408522009849548,0.026696274057030678,-0.010195971466600895,0.04873010143637657,0.011361583136022091,-0.047702357172966,-0.010941712185740471,-0.029177900403738022,-0.030882449820637703,0.04873010143637657,-0.03416621685028076,-0.009832501411437988,0.02616986818611622,-0.025869065895676613,-0.006298064719885588,-0.037825990468263626,0.01750924624502659,-0.0030330978333950043,0.00634506531059742,-0.004436845425516367,0.004966384265571833,-0.01868739165365696,0.03667290881276131,-0.012959599494934082,0.025317594408988953,-0.013836942613124847,-0.04141055792570114,-0.006241664290428162,0.02197115868330002,-0.04085908830165863,-0.000824858492705971,0.015867363661527634,-0.017233509570360184,-0.00960689876228571,-0.005461456254124641,-0.006454733200371265,0.001351263839751482,-0.022259429097175598,0.00266649411059916,-0.007651678752154112,0.0050635188817977905,-0.010597041808068752,0.002360990969464183,-0.0026649273931980133,-0.004123508930206299,-0.006586334202438593,-0.01645643636584282,0.0006270647863857448,-0.009268495254218578,0.008848624303936958,-0.01640630140900612,0.02007860690355301,-0.038853731006383896,-0.005987861659377813,-0.0035877034533768892,-0.04256363585591316,-0.011555852368474007,-0.0027636284939944744,0.007871014066040516,-0.008491420187056065,-0.016882574185729027,0.004292710684239864,-0.00950036384165287,-0.018750058487057686,0.0008068416500464082,-0.036622777581214905,-0.009475297294557095,-0.05369335040450096,0.00116796197835356,0.01452628243714571,0.0307821836322546,-0.012827998958528042,-0.008472620509564877,-0.005965928081423044,0.00446191243827343,0.01624336652457714,-0.0003258700016885996,-0.02427731640636921,0.0420873649418354,-0.03697371482849121,0.0025066924281418324,0.006084995809942484,0.004173642955720425,-0.011819054372608662,-0.002877996303141117,0.009519164450466633,-0.00020621462317649275,0.0034185016993433237,0.07078899443149567,0.020981015637516975,-0.02616986818611622,-0.011004379950463772,0.05244000628590584,-0.01106077991425991,-0.018436722457408905,-0.023788511753082275,0.02254769764840603,-0.04527086392045021,0.0024972923565655947,0.05294134467840195,-0.03143392130732536,0.009349962696433067,0.029804572463035583,0.013247869908809662,0.002495725639164448,0.0030080308206379414,-0.014664150774478912,0.0028811295051127672,-0.0054457890801131725,0.009588098153471947,0.015478826127946377,0.013661473989486694,0.001071611070074141,0.012101057916879654,0.017358845099806786,0.018261253833770752,-0.004997718147933483,0.01936419866979122,0.03479289263486862,-0.05790459364652634,-0.002757361624389887,0.026997078210115433,-0.03426648676395416,-0.012777864933013916,0.0337400808930397,0.03752518445253372,0.003672304330393672,-0.008823557756841183,-0.027698950842022896,-0.03028084523975849,0.07740665972232819,-0.005141852889209986,-0.027824286371469498,0.003669171128422022,-0.03068191558122635,-0.024051714688539505,0.017145777121186256,0.005285987630486488,0.010145837441086769,-0.005696458742022514,0.028726695105433464,-0.043340712785720825,0.0024471585638821125,0.005254654213786125,-0.001442914828658104,-0.018850326538085938,-0.014802019111812115,0.009964101947844028,-0.014501215890049934,-0.01078504417091608,-0.038327328860759735,0.03206059709191322,0.040583349764347076,-0.013022267259657383,0.014864685945212841,0.03421635180711746,0.013272936455905437,0.02634533680975437,0.03025577776134014,0.014839619398117065,-0.017784982919692993,0.002328090602532029,-0.007332075387239456,0.002638293895870447,0.035469699651002884,-0.009694633074104786,0.0038916401099413633,0.015140422619879246,-0.028400825336575508,0.028300557285547256,-0.008447553031146526,-0.009036626666784286,-0.0334894098341465,-0.024264782667160034,0.008936358615756035,0.05484643206000328,-0.01708310842514038,-0.02622000314295292,-0.01763458177447319,0.0010026770178228617,0.020504744723439217,-0.027047211304306984,0.013298003003001213,0.022773301228880882,-0.06031101942062378,0.002848229371011257,-0.014012410305440426,-0.025944266468286514,-0.003691104706376791,-0.021921025589108467,0.05459576100111008,-0.013811875134706497,0.02910269983112812,-0.03140885755419731,0.02564346417784691]');
INSERT INTO `faqs` (`id`, `question`, `answer`, `embedding`) VALUES
(9, 'Do you sell pet food and supplies?', 'Yes, we sell selected pet food brands, toys, and other supplies at the clinic.', '[-0.0075409687124192715,-0.05199230834841728,-0.004255632869899273,0.029434524476528168,0.003264171537011862,0.02516261115670204,0.0016491799615323544,0.04730362445116043,-0.03693642094731331,0.0042491210624575615,0.02254476211965084,-0.016501566395163536,0.045949116349220276,-0.016540639102458954,-0.03803044557571411,-0.00507940910756588,-0.0037151318974792957,0.014170248992741108,-0.038551412522792816,0.028236305341124535,0.04480299353599548,0.011558911763131618,0.011285404674708843,-0.010731879621744156,-0.01582431234419346,0.016788097098469734,0.001890126266516745,0.028392594307661057,0.0035620983690023422,0.0009165728697553277,-0.0062776287086308,-0.03130999952554703,-0.0706949532032013,-0.03003363311290741,-0.02854888327419758,-0.021580975502729416,-0.00312579027377069,-0.025292852893471718,0.044464364647865295,0.01720486953854561,-0.027637194842100143,-0.0038518852088600397,0.038499314337968826,0.008146590553224087,-0.022062869742512703,0.03003363311290741,-0.039879873394966125,-0.03678013011813164,0.03141419216990471,-0.06772544980049133,0.029512668028473854,-0.02086464874446392,0.03769182041287422,-0.04660032317042351,0.001412303652614355,-0.0036500112619251013,0.018025390803813934,-0.012242678552865982,0.009885311126708984,0.02948662079870701,-0.01612386666238308,-0.02012227475643158,0.06204693391919136,0.02134654112160206,-0.012027779594063759,0.02633478119969368,0.00019169885490555316,-0.03250821679830551,0.0010891425190493464,0.008413584902882576,0.009996016509830952,-0.020695336163043976,0.03440973907709122,0.004636588506400585,0.020005056634545326,0.008465681225061417,-0.035243283957242966,0.03636335954070091,0.052461177110672,0.05939001217484474,-0.034253451973199844,0.0516015850007534,-0.01506891380995512,0.03521723672747612,-0.029668958857655525,-0.02564450353384018,0.0018347736913710833,0.005600374191999435,-0.028236305341124535,-0.02426394633948803,0.027116229757666588,-0.015003792941570282,-0.01746535301208496,-0.005483157001435757,0.013134830631315708,-0.001815237570554018,0.0012608981924131513,0.0007700514397583902,0.0062711164355278015,0.01603269949555397,-0.025423092767596245,-0.04162510484457016,-0.00789261981844902,0.006339493207633495,0.009637853130698204,-0.00907781533896923,0.016788097098469734,0.021281421184539795,0.02228427864611149,-0.041703250259160995,-0.02624361403286457,-0.07329978048801422,0.03112765960395336,0.017582569271326065,-0.02766324207186699,0.014339562505483627,-0.0013886974193155766,0.007072100415825844,-0.043578725308179855,-0.030502501875162125,0.024107657372951508,0.03196120262145996,-0.0025104002561420202,-0.04201582819223404,-0.009182008914649487,0.018077487125992775,-0.0400361604988575,0.007033027708530426,0.003679315559566021,-0.012405479326844215,0.06647513806819916,-0.05725405737757683,0.04047898203134537,-0.01854635402560234,-0.07210156321525574,-0.013545090332627296,-0.0645475685596466,-0.01775188371539116,-0.05066384747624397,0.07350816577672958,0.06579788029193878,0.020643239840865135,-0.03125790134072304,0.005496181081980467,-0.02578776888549328,-0.055170197039842606,-0.028835413977503777,-0.036415454000234604,0.0328468456864357,-0.03177886828780174,0.024498380720615387,-0.010393252596259117,-0.08496939390897751,0.015993626788258553,0.000907618785277009,0.033810630440711975,0.03823883458971977,0.03170072287321091,-0.019249657168984413,0.035581912845373154,0.014626093208789825,0.023638788610696793,0.018858933821320534,0.024524427950382233,-0.06470385938882828,-0.006772545166313648,0.025735672563314438,-0.003754204139113426,0.008354976773262024,-0.06486014276742935,-0.0367019847035408,0.014704237692058086,-0.013050174340605736,-0.006456710398197174,-0.02175028994679451,-0.01726999133825302,0.012359894812107086,0.008895478211343288,-0.02323503978550434,-0.02998153679072857,-0.051966261118650436,-0.019210584461688995,-0.03763972222805023,-0.036024730652570724,-0.02624361403286457,-0.021672144532203674,-0.02362576313316822,0.03654569759964943,-0.04756410792469978,0.051757875829935074,-0.01909336820244789,-0.01603269949555397,0.0055482774041593075,-0.03125790134072304,0.030606694519519806,0.005851088557392359,0.013375776819884777,-0.03219563886523247,-0.018324945122003555,-0.010074160993099213,-0.0038681654259562492,-0.006857202388346195,-0.0012649681884795427,0.004757062066346407,0.00042979614227078855,-0.00875221285969019,-0.06631884723901749,0.02613941952586174,0.004258889239281416,-0.027116229757666588,0.015368468128144741,0.026699457317590714,0.004525883588939905,0.04217211902141571,-0.014665165916085243,-0.058869048953056335,-0.03383667767047882,0.04433412477374077,0.024159753695130348,0.05063780024647713,-0.0007663883734494448,0.007326070684939623,0.06793384253978729,0.022675001993775368,0.008354976773262024,0.01427444163709879,0.044412270188331604,-0.04798087850213051,0.009709485806524754,-0.03810859099030495,-0.018233776092529297,0.004333777818828821,-0.004945911932736635,0.03003363311290741,-0.05272166058421135,0.0115198390558362,-0.03274265304207802,0.00920154433697462,-0.001960130874067545,-0.011891026981174946,0.0033032437786459923,0.01415722444653511,-0.023169919848442078,0.05134110152721405,0.0042784251272678375,-0.01745232753455639,-0.022127989679574966,-0.07121592015028,0.0027529746294021606,-0.023091774433851242,0.08903292566537857,0.009227593429386616,0.031388141214847565,-0.007873084396123886,0.03224773332476616,-0.05381568893790245,0.005336635280400515,-0.006261348258703947,-0.009566220454871655,0.013225999660789967,0.010764439590275288,-0.008368000388145447,0.03214354068040848,-0.02821025624871254,-0.021633071824908257,-0.005974817555397749,-0.006004122085869312,0.019223609939217567,-0.07220575213432312,0.05261746793985367,-0.010614662431180477,0.00570782320573926,-0.04133857414126396,-0.00853731483221054,0.011767297983169556,0.018025390803813934,-0.003516513854265213,-0.02169819362461567,0.03037226013839245,-0.032820798456668854,-0.05475342273712158,0.0073000225238502026,-0.006694400683045387,-0.05621212720870972,0.02189355529844761,0.03107556328177452,0.036181021481752396,-0.030919274315238,0.010608150623738766,0.029616862535476685,0.03102346695959568,0.004161207936704159,0.007996813394129276,-0.010959802195429802,0.015173106454312801,-0.02051299810409546,0.023586692288517952,0.014782382175326347,0.021528879180550575,0.014066055417060852,0.036415454000234604,0.06428708136081696,-0.0015107985818758607,-0.029278233647346497,-0.044959280639886856,-0.03539957478642464,0.03787415847182274,-0.01415722444653511,-0.010816535912454128,-0.015147058293223381,0.005473388824611902,-0.0015930134104564786,0.05360729992389679,-0.033419907093048096,0.027298567816615105,0.024993296712636948,0.024042535573244095,0.012561769224703312,0.041989780962467194,-0.023886246606707573,0.046886853873729706,0.0013097386108711362,-0.027012037113308907,-0.00756050506606698,-0.03068483993411064,-0.04157301038503647,0.01726999133825302,0.017126725986599922,-0.03649359941482544,0.03250821679830551,0.042927518486976624,0.02440721169114113,-0.0317528173327446,0.012451063841581345,-0.021138155832886696,0.008667555637657642,0.03310732915997505,-0.010002528317272663,0.0372750461101532,-0.003783508436754346,-0.03355014696717262,-0.045245811343193054,-0.01521217916160822,-0.026803649961948395,0.0011444950941950083,0.030710889026522636,0.029226137325167656,0.04829345643520355,0.007293510250747204,0.06282838433980942,0.01526427548378706,0.03964543715119362,0.014704237692058086,-0.023795077577233315,-0.036076828837394714,0.024094631895422935,0.03654569759964943,0.035686105489730835,-0.014144200831651688,-0.0033895287197083235,0.026608288288116455,0.012066852301359177,0.05714986473321915,0.028027918189764023,0.02327411249279976,-0.017738858237862587,0.03211749345064163,-0.03344595432281494,-0.012913420796394348,0.007957740686833858,0.05933791771531105,0.06110919639468193,0.01523822732269764,-0.01045837253332138,-0.03024202026426792,0.014600045047700405,0.007020003627985716,0.02766324207186699,0.015524758026003838,0.015160081908106804,0.06996560096740723,0.016553664579987526,0.009559708647429943,-0.002642269479110837,0.013662307523190975,0.015186130069196224,-0.003277195617556572,0.03141419216990471,-0.01284829992800951,-0.021528879180550575,0.015498709864914417,-0.05991097912192345,-0.00017857296916190535,-0.00507940910756588,-0.04305775836110115,0.00776889082044363,-0.0041970242746174335,0.014912623912096024,-0.05295609310269356,-0.004897071048617363,-0.006332980934530497,-0.009670413099229336,-0.003422088921070099,-0.0012169417459517717,-0.02302665449678898,0.013115294277668,-0.0400361604988575,0.0019747831393033266,0.004639844875782728,-0.013245536014437675,-0.0017175566172227263,-0.009937407448887825,0.023886246606707573,0.039384957402944565,-0.01706160418689251,0.010725367814302444,-0.024276969954371452,0.0037997886538505554,-0.0014912623446434736,-0.017426280304789543,-0.003360224422067404,-0.03068483993411064,0.006557647138834,0.013922790065407753,-0.024941200390458107,-0.06095290929079056,0.02076045610010624,-0.02180238626897335,-0.0701218917965889,0.020526021718978882,-0.0029857808258384466,0.0035262820310890675,0.005398500245064497,0.03008572943508625,-0.02836654521524906,-0.032820798456668854,-0.026608288288116455,0.04889256879687309,-0.015602902509272099,-0.03047645464539528,0.016488542780280113,0.005925977136939764,0.018832886591553688,-0.002546216594055295,-0.04305775836110115,-0.04706919193267822,0.049048855900764465,0.00776889082044363,-0.010998873971402645,-0.020877674221992493,-0.02722042240202427,0.012359894812107086,-0.040426887571811676,0.04680870845913887,-0.021268397569656372,0.011024922132492065,0.031935155391693115,0.00434029009193182,-0.0024289994034916162,-0.009911359287798405,0.06105710193514824,0.037900205701589584,0.04235445708036423,0.0033146399073302746,-0.014587020501494408,-0.0033960407599806786,-0.030111778527498245,0.00907781533896923,0.024081608280539513,-0.04337034001946449,-0.0051640658639371395,-0.02367786131799221,-0.039775680750608444,0.03539957478642464,-0.012731082737445831,-0.016827169805765152,-0.0008368000853806734,0.051315054297447205,-0.014808431267738342,0.016553664579987526,0.046678464859724045,0.04990844801068306,-0.030007585883140564,0.012151509523391724,-0.00909735169261694,-0.032768700271844864,-0.028783317655324936,0.05144529789686203,-0.05303423851728439,-0.004998008254915476,-0.04610540345311165,0.027975821867585182,0.006153899244964123,-0.013349728658795357,-0.04639193415641785,0.02302665449678898,0.031440239399671555,-0.015134033747017384,-0.008797796443104744,-0.015576854348182678,0.000041056522604776546,-0.002560868626460433,0.026425950229167938,0.023834150284528732,-0.01287434808909893,-0.019067319110035896,-0.023339232429862022,0.006674864329397678,0.021867506206035614,0.012692010030150414,-0.025774745270609856,0.06762126088142395,-0.00873267650604248,-0.010119745507836342,-0.012620377354323864,-0.014847503043711185,-0.002334574470296502,-0.004558444023132324,-0.02302665449678898,0.012177557684481144,0.0008009837474673986,0.0013593931216746569,-0.00658369529992342,0.007345607038587332,-0.006440429948270321,-0.00895408634096384,-0.044125739485025406,-0.05173182860016823,0.001372417202219367,-0.022323351353406906,0.003679315559566021,-0.014990768395364285,-0.0411301888525486,0.03688432276248932,0.0034839536529034376,0.040765512734651566,0.00892803817987442,-0.016788097098469734,-0.010985850356519222,0.0026325013022869825,0.013401824980974197,0.023938342928886414,-0.012835275381803513,0.022661978378891945,0.01977062225341797,-0.01529032364487648,0.0001697206316748634,-0.018871957436203957,-0.006824641954153776,0.022362424060702324,-0.032716602087020874,0.02771534025669098,0.01657971180975437,0.030502501875162125,0.04459460452198982,-0.02909589745104313,-0.05123690888285637,-0.031049516052007675,0.012073364108800888,-0.014469803310930729,0.008368000388145447,-0.02337830513715744,0.02781953290104866,0.03498280048370361,0.014196297153830528,0.023938342928886414,-0.0012584561482071877,-0.04704314097762108,-0.054076168686151505,0.014456779696047306,-0.038056496530771255,0.007306534331291914,-0.004089575260877609,-0.010810024105012417,-0.0010207658633589745,0.06611046195030212,0.008543826639652252,0.0030671816784888506,0.0036760594230145216,-0.00506638502702117,-0.024784911423921585,-0.004447739105671644,-0.016605760902166367,-0.010022064670920372,-0.023638788610696793,-0.013173903338611126,0.012639913707971573,0.006935346871614456,0.026347806677222252,0.01656668819487095,-0.0024143473710864782,-0.015042864717543125,-0.06032774969935417,0.012236165814101696,-0.017790956422686577,-0.0003852292138617486,-0.006085522938519716,-0.03623311594128609,-0.04488113522529602,-0.00447704317048192,0.009553195908665657,0.06918415427207947,0.02397741563618183,0.002424115315079689,-0.0358944907784462,0.008739188313484192,0.014990768395364285,-0.017777930945158005,-0.0010818163864314556,0.038942135870456696,-0.043578725308179855,-0.029616862535476685,-0.050429414957761765,-0.045011378824710846,-0.016983460634946823,-0.027741387486457825,-0.03956729546189308,0.023000605404376984,-0.012431527487933636,-0.023248063400387764,0.004109111614525318,0.018520306795835495,0.0017501169349998236,0.00753445690497756,-0.013453922234475613,0.017230918630957603,0.055170197039842606,-0.00003373045183252543,-0.020825576037168503,-0.03308127820491791,0.017296038568019867,0.007899132557213306,0.036128923296928406,0.008153102360665798,-0.019952960312366486,-0.02880936674773693,0.028236305341124535,-0.010894681327044964,-0.021737266331911087,0.01932780258357525,-0.011923586949706078,-0.022753147408366203,0.042250264436006546,-0.004919863305985928,0.0030753216706216335,0.035790298134088516,0.0035881465300917625,0.043031711131334305,0.018259823322296143,0.014834479428827763,0.013291120529174805,0.007553992792963982,-0.012932957150042057,-0.032872892916202545,-0.014925648458302021,0.03550376743078232,-0.03584239259362221,-0.01775188371539116,-0.0035686104092746973,0.026517119258642197,0.023208992555737495,0.00434029009193182,0.05345101282000542,0.02603522688150406,0.03315942361950874,0.028913559392094612,0.012607353739440441,-0.008543826639652252,0.04295356571674347,0.007111172657459974,0.006150643341243267,0.009644364938139915,0.020408805459737778,-0.025527285411953926,-0.020552070811390877,-0.014587020501494408,0.02495422400534153,0.001275550341233611,0.012151509523391724,0.013597187586128712,-0.015407540835440159,0.01700950786471367,-0.021489806473255157,0.03995801880955696,-0.0023508546873927116,-0.01839006505906582,0.021906578913331032,-0.0057436395436525345,0.0011111206840723753,0.036988515406847,0.013440897688269615,0.019171513617038727,0.03862955793738365,-0.009475051425397396,-0.026647360995411873,0.01405303180217743,-0.002995549002662301,-0.005336635280400515,0.022167062386870384,-0.07939507067203522,0.004991495981812477,-0.05282585322856903,0.008153102360665798,0.006599975749850273,-0.019705502316355705,-0.017296038568019867,-0.009956943802535534,-0.0063232132233679295,0.017843052744865417,0.03495675325393677,0.0017989573534578085,-0.006355773191899061,-0.0011111206840723753,-0.00010694027878344059,0.0056622386910021305,-0.018181679770350456,-0.016644831746816635,-0.03638940677046776,0.02022646740078926,-0.006183203775435686,-0.0003848222258966416,0.027038084343075752,0.006593463476747274,-0.039775680750608444,-0.008674067445099354,-0.022492665797472,0.0032657994888722897,-0.014600045047700405,0.01962735690176487,-0.021594000980257988,-0.024967249482870102,0.0024615598376840353,-0.0020838601049035788,0.006889762356877327,0.005401756148785353,-0.02516261115670204,-0.03172677010297775,-0.03500885143876076,-0.020161345601081848,-0.05725405737757683,0.018950102850794792,0.041208334267139435,-0.015954554080963135,0.006297164596617222,-0.0013829993549734354,-0.021515855565667152,0.007495384197682142,-0.00880430918186903,0.0009735533967614174,-0.008133566938340664,0.009370858781039715,0.010204402729868889,-0.02658224105834961,0.024576524272561073,0.021372590214014053,-0.008315904065966606,0.02367786131799221,-0.010666758753359318,0.020408805459737778,0.04443831741809845,0.027116229757666588,0.02737671136856079,-0.01983574405312538,0.00914944801479578,-0.0030232251156121492,-0.008322415873408318,-0.013675332069396973,-0.028679125010967255,-0.009722509421408176,0.02574869617819786,0.025384020060300827,-0.017843052744865417,0.01512101013213396,0.040270596742630005,-0.0020692080724984407,-0.009650876745581627,-0.018767764791846275,0.028522836044430733,0.002907636109739542,-0.000361826503649354,0.029408475384116173,-0.025279827415943146,0.0474599152803421,-0.024159753695130348,-0.01277666725218296,-0.004669148940593004,0.047381769865751266,0.006489270832389593,-0.006902786437422037,0.014938672073185444,-0.03235192969441414,-0.0012031035730615258,-0.0006898716674186289,-0.025032369419932365,-0.009709485806524754,-0.005525485146790743,0.02516261115670204,-0.06043194234371185,-0.011259356513619423,0.06756916642189026,-0.009742045775055885,0.01008718553930521,-0.0032804517541080713,0.024003462865948677,0.025983130559325218,0.023065727204084396,-0.0025690088514238596,0.03446183726191521,0.01134401373565197,0.022505689412355423,0.02022646740078926,0.026751553639769554,0.01134401373565197,-0.0009434351231902838,-0.002691109897568822,-0.018676595762372017,-0.007931692525744438,0.004848230630159378,0.022206135094165802,0.0008306950330734253,0.05944211035966873,0.021229324862360954,-0.00806193333119154,-0.013844645582139492,0.03732714429497719,-0.00760608958080411,0.014391658827662468,-0.013701380230486393,0.0009743673726916313,-0.05381568893790245,0.01785607635974884,-0.03961938992142677,0.012425015680491924,0.005877136718481779,0.02466769330203533,-0.01858542673289776,-0.0007085938123054802,-0.0030769496224820614,-0.017817003652453423,-0.02875726856291294,0.021020939573645592,0.01676204986870289,0.031179755926132202,-0.02682969905436039,-0.023495523259043694,0.0033032437786459923,-0.03334176167845726,0.014092103578150272,0.006359029561281204,-0.021958675235509872,-0.006427405867725611,0.06699610501527786,-0.0017973292851820588,-0.01603269949555397,-0.017048580572009087,0.013571138493716717,0.023951366543769836,-0.04240655153989792,-0.007449799682945013,-0.01015881821513176,-0.036024730652570724,0.017895149067044258,-0.008941062726080418,-0.013571138493716717,0.00989182386547327,0.037561576813459396,0.01435258612036705,0.018207727000117302,-0.01374045293778181,0.007710282225161791,-0.04008825868368149,0.0003848222258966416,-0.029955489560961723,-0.02465466968715191,-0.020799528807401657,0.01173473708331585,-0.01588943414390087,0.025904985144734383,-0.024876080453395844,-0.0056947991251945496,-0.0041351597756147385,0.016267133876681328,-0.01633225381374359,0.03383667767047882,0.008003325201570988,0.0037151318974792957,0.00764516182243824,0.002279222011566162,-0.0018608219688758254,-0.007273974362760782,0.0030411332845687866,0.016801122575998306,0.056107934564352036,0.015329396352171898,-0.025852888822555542,-0.0062418123707175255,0.0036565233021974564,0.001802213373593986,-0.004457506816834211,-0.005398500245064497,0.007996813394129276,0.00443797092884779,0.0028473995625972748,0.0006292280741035938,-0.003503489773720503,-0.03842116892337799,0.0019959472119808197,0.005903184879571199,0.03042435832321644,0.019223609939217567,-0.001619061571545899,-0.014964720234274864,-0.025266803801059723,-0.010393252596259117,0.010751415975391865,-0.026699457317590714,0.012385943904519081,0.008934549987316132,-0.012307798489928246,-0.012275238521397114,0.010119745507836342,-0.010927241295576096,-0.01657971180975437,-0.02372995764017105,-0.004467274993658066,0.004532395862042904,0.026152445003390312,0.016410399228334427,-0.0023313185665756464,-0.03868165239691734,0.020539045333862305,0.009240617044270039,0.012692010030150414,0.004454250913113356,0.007482360117137432,-0.03539957478642464,0.0031664904672652483,-0.000832730031106621,-0.020552070811390877,-0.029668958857655525,-0.004229584708809853,0.01937989890575409,0.025527285411953926,-0.06090081110596657,0.030945323407649994,0.0023329465184360743,-0.018559379503130913,-0.016058746725320816,0.018416114151477814,-0.047173384577035904,0.028783317655324936,-0.037066660821437836,0.05019497871398926,-0.020109249278903008,-0.004125391598790884,-0.009976480156183243,0.012939468957483768,-0.02091674506664276,-0.010022064670920372,-0.006642303895205259,-0.04178139567375183,-0.011116091161966324,-0.001570221153087914,0.02145073562860489,0.004099343437701464,0.05303423851728439,0.004148183856159449,0.02081255242228508,0.018416114151477814,-0.007247925736010075,-0.023143870756030083,0.033315714448690414,-0.02604825049638748,-0.010543029755353928,0.023808101192116737,-0.03675408288836479,0.004525883588939905,0.01973154954612255,0.008127054199576378,0.020083202049136162,-0.006772545166313648,0.021620048210024834,0.040661320090293884,0.011376573704183102,-0.026399902999401093,0.06746497005224228,0.025240754708647728,0.01258130557835102,-0.05642051249742508,-0.00924712885171175,0.07033027708530426,0.008263807743787766,0.07512315362691879,-0.023013630881905556,0.008387536741793156,0.007078612223267555,0.001994319260120392,-0.006199483759701252,0.01796026900410652,0.01859845221042633,-0.024589549750089645,-0.022154036909341812,0.022258231416344643,-0.0013846273068338633,-0.02771534025669098,-0.000017284948626183905,0.03211749345064163,0.023287136107683182,-0.014652141369879246,-0.02520168386399746,-0.023352257907390594,-0.00218316912651062,0.02357366681098938,0.04363081976771355,0.033315714448690414,-0.006590207573026419,0.03693642094731331,-0.02022646740078926,-0.019145464524626732,0.02240149676799774,-0.017543496564030647,-0.013271584175527096,-0.0129720289260149,0.005362683907151222,-0.012444552034139633,-0.002360622864216566,0.022219158709049225,-0.009260153397917747,0.07413332164287567,-0.012314311228692532,0.02343040145933628,0.028913559392094612,-0.01023696269840002,0.03782206028699875,-0.018676595762372017,0.027533002197742462,-0.007580040954053402,-0.026113372296094894,-0.0014261417090892792,0.026647360995411873,-0.026126395910978317,-0.031544432044029236,-0.00437936233356595,-0.012731082737445831,-0.003659779205918312,-0.0002476618974469602,-0.031492337584495544,-0.02233637496829033,-0.008661043830215931,0.007495384197682142,0.03427949920296669,0.012815739959478378,-0.012275238521397114,-0.008224735036492348,0.03797835111618042,-0.0018184935906901956,0.004822182469069958,-0.008563362993299961,-0.012665961869060993,0.04133857414126396,0.010178354568779469,0.015186130069196224,-0.012105925008654594,0.001002857694402337,-0.01617596484720707,-0.02348249778151512,0.026907844468951225,0.0322737842798233,-0.045897018164396286,0.0008070887997746468,0.01430048979818821,0.0226359311491251,0.027350664138793945,-0.01040627621114254,-0.016540639102458954,-0.027064133435487747,0.013818597421050072,-0.02854888327419758,0.039437051862478256,0.011109579354524612,0.03995801880955696,-0.003985382616519928,-0.025618454441428185,0.053190529346466064,0.002826235257089138,0.01909336820244789,-0.05074199289083481,0.03737924247980118,-0.04467274993658066,-0.02323503978550434,-0.014040007255971432,0.005141273606568575,0.02003110572695732,0.033654339611530304,-0.008530802093446255,-0.02920009009540081,0.03980172798037529,0.033758532255887985,-0.014808431267738342,0.04099994897842407,-0.00771679449826479,0.01435258612036705,0.00014479164383374155,-0.014873551204800606,0.008087982423603535,-0.017543496564030647,0.01407907996326685,0.03990592062473297,0.018416114151477814,0.013479970395565033,0.007397703360766172,-0.0017940732650458813,0.03628521412611008,0.009735533967614174,0.01371440477669239,0.02090372145175934,-0.016267133876681328,0.019223609939217567,0.004932887386530638,0.007365142926573753,-0.04686080291867256,0.007899132557213306,0.03610287606716156,-0.004542164038866758,-0.0033439442049711943,0.025318900123238564,-0.024550477042794228,0.034800462424755096,0.004385874141007662,-0.014066055417060852,-0.007065588142722845,-0.0176607146859169,0.018806837499141693,0.0025429604575037956,0.018533330410718918,-0.006284140516072512,0.008140078745782375,-0.02240149676799774,-0.026061275973916054,-0.021190252155065536,0.00006084708729758859,0.0380825437605381,-0.01908034458756447,-0.007931692525744438,0.022779196500778198,-0.016840195283293724,0.0013032265705987811,0.09986899793148041,-0.011923586949706078,0.016488542780280113,-0.029668958857655525,0.013362753205001354,-0.019588284194469452,-0.008133566938340664,0.015003792941570282,-0.011943123303353786,-0.016006650403141975,-0.01948409155011177,-0.021567951887845993,-0.02716832607984543,0.004363081883639097,0.02909589745104313,0.004672405309975147,0.013558114878833294,0.005626422353088856,0.015850361436605453,-0.02766324207186699,0.0011843814281746745,-0.015225202776491642,-0.006681376602500677,-0.00382258091121912,0.008836869150400162,-0.030215971171855927,-0.02327411249279976,-0.041208334267139435,-0.000005138424512551865,0.01250316109508276,0.02026554010808468,0.014613068662583828,0.010627686977386475,0.028731221333146095,0.013466945849359035,-0.017322087660431862,-0.041703250259160995,0.011669616214931011,-0.02348249778151512,0.008836869150400162,0.057775020599365234,0.026399902999401093,-0.00498172827064991,-0.004848230630159378,0.029174041002988815,0.010940265841782093,0.01006113737821579,0.011721713468432426,0.005167321767657995,-0.034800462424755096,-0.005157553590834141,0.0034904656931757927,-0.018207727000117302,-0.026022203266620636,0.024784911423921585,0.008348464965820312,-0.0358944907784462,0.0015067285858094692,-0.0024257434997707605,0.03875979781150818,-0.0035197699908167124,-0.012053828686475754,0.023091774433851242,-0.006759521085768938,0.022414520382881165,0.02742880955338478,-0.007567016873508692,-0.01656668819487095,0.0017517448868602514,-0.016696929931640625,-0.007091636303812265,0.01390976645052433,-0.016006650403141975,0.012177557684481144,0.0028864718042314053,0.052851900458335876,-0.007423751521855593,-0.0051933699287474155,-0.0015458009438589215,-0.030997419729828835,-0.030658792704343796,-0.0004432272689882666,0.023104798048734665,-0.03164862468838692,0.02688179537653923,0.0032462633680552244,-0.048606038093566895,0.018481234088540077,0.007847035303711891,0.010660246945917606,-0.004678917117416859,-0.013173903338611126,0.043135903775691986,-0.0005970747442916036,-0.017921196296811104,0.00892803817987442,-0.015654999762773514,0.0006381821585819125,-0.04795483127236366,-0.02165912091732025,0.020656263455748558,-0.002554356586188078,-0.01309575792402029,-0.0076516736298799515,0.0000069254260779416654,-0.026803649961948395,0.02688179537653923,-0.01015881821513176,0.004333777818828821,-0.03875979781150818,0.01374045293778181,-0.005378963891416788,-0.03433159366250038,0.025774745270609856,0.018311921507120132,0.02628268487751484,0.015498709864914417,-0.008368000388145447,-0.009455515071749687,0.010093697346746922,0.010972825810313225,0.04073946550488472,0.02417277731001377,0.02766324207186699,0.02259685844182968,0.018025390803813934,0.02141166292130947,0.01702253147959709,-0.020851625129580498,0.004043991211801767,-0.03534747660160065,-0.016514591872692108,0.020773479714989662,-0.02160702459514141,0.0367019847035408,-0.016110843047499657,-0.036181021481752396,-0.002551100682467222,0.00446401908993721,0.01405303180217743,0.005265002604573965,-0.01750442571938038,0.029069848358631134,0.02886146306991577,0.0016703441506251693,-0.021268397569656372,-0.03980172798037529,-0.007853548042476177,-0.010751415975391865,-0.0023475985508412123,-0.014469803310930729,0.05009078606963158,-0.0028311193455010653,0.010894681327044964,0.029799198731780052,0.012144996784627438,0.03719690442085266,0.0011518211103975773,0.003646755125373602,-0.00322347111068666,-0.023899270221590996,-0.004096087533980608,0.011070506647229195,0.024628622457385063,0.01750442571938038,0.01928872987627983,0.00010052997095044702,-0.016254108399152756,0.004415178671479225,-0.005463620647788048,-0.007410727441310883,-0.0033895287197083235,-0.004050503019243479,-0.01013928186148405,0.002443651668727398,-0.0027415785007178783,-0.05068989843130112,0.0640266016125679,-0.019445018842816353,-0.01932780258357525,0.014521900564432144,-0.008478705771267414,-0.04769434779882431,0.036728035658597946,0.004255632869899273,0.02422487363219261,0.019197560846805573,-0.012932957150042057,-0.00498172827064991,0.023938342928886414,-0.0013805573107674718,-0.00922108069062233,0.035139091312885284,-0.00004477043330552988,0.018429137766361237,0.006928835064172745,0.027506953105330467,0.012320823036134243,-0.005391987971961498,0.001406605588272214,-0.0040049185045063496,0.001051698112860322,-0.003884445410221815,-0.004682173021137714,-0.0077363308519124985,-0.0008612202946096659,-0.03042435832321644,0.0585043728351593,0.007208853494375944,0.012053828686475754,0.020356709137558937,0.009794142097234726,0.001619061571545899,-0.006541367154568434,0.009533659555017948,-0.02629571035504341,0.002512028208002448,0.03263846039772034,-0.023495523259043694,-0.025384020060300827,-0.010699319653213024,-0.03881189599633217,0.017322087660431862,0.008960598148405552,0.01556382980197668,-0.017817003652453423,0.014873551204800606,-0.008465681225061417,0.01889800652861595,0.008263807743787766,0.007697258144617081,-0.009605292230844498,0.0010077416663989425,-0.028627028688788414,-0.015394516289234161,0.032039348036050797,-0.013349728658795357,-0.02826235257089138,-0.018780788406729698,0.011024922132492065,-0.03446183726191521,0.024029511958360672,0.01181288156658411,0.00778191490098834,0.004988240078091621,0.003392784623429179,-0.02613941952586174,-0.007130709011107683,-0.007319558411836624,-0.04217211902141571,-0.020929770544171333,-0.0026715737767517567,-0.0026373853906989098,0.005434316582977772,0.0006451012450270355,-0.039775680750608444,0.03344595432281494,0.030346212908625603,-0.007456311956048012,-0.029616862535476685,-0.01948409155011177,-0.04058317467570305,0.00753445690497756,0.009481563232839108,-0.0071046603843569756,0.01909336820244789,0.0034351132344454527,0.01553778164088726,-0.003072065534070134,-0.00449006725102663,-0.014521900564432144,0.024433258920907974,0.01908034458756447,-0.023156896233558655,-0.03219563886523247,-0.030945323407649994,-0.002684597857296467,0.02116420492529869,0.02998153679072857,0.007215365767478943,-0.01637132652103901,0.00018457627447787672,0.030841128900647163,0.026373853906989098,-0.005838064476847649,-0.0022092172876000404,0.007358631119132042,0.016410399228334427,-0.0050012641586363316,0.01013277005404234,0.04985635355114937,0.028340497985482216,-0.016683904454112053,0.032325878739356995,0.03164862468838692,0.012079876847565174,0.017543496564030647,-0.03683222830295563,0.02860097959637642,0.016306204721331596,0.0452718622982502,-0.00498172827064991,0.02628268487751484,-0.006131106987595558,0.00498172827064991,0.06960092484951019,0.013336705043911934,-0.01854635402560234,-0.0022889901883900166,0.026621313765645027,-0.023456450551748276,0.023391330614686012,-0.001317878719419241,-0.021489806473255157,-0.01814260706305504,-0.03047645464539528,-0.015524758026003838,-0.01284829992800951,0.00895408634096384,0.01725696586072445,0.021580975502729416,0.03576425090432167,0.006586951669305563,-0.005841320380568504,-0.022075893357396126,-0.005903184879571199,-0.008003325201570988,-0.0050012641586363316,0.021229324862360954,-0.018181679770350456,0.004610540345311165,-0.06204693391919136,0.02134654112160206,0.025709623470902443,0.019145464524626732,0.005304075311869383,0.008289855904877186,0.005365939810872078,-0.012444552034139633,-0.0005873066838830709,-0.03967148810625076,-0.014313514344394207,-0.011265868321061134,0.01413117628544569,-0.02440721169114113,0.01904127188026905,-0.007996813394129276,0.013063197955489159,0.012952492572367191,0.016449470072984695,-0.020695336163043976,0.01775188371539116,0.004242608789354563,0.01598060131072998,0.0032951037865132093,-0.006980931386351585,-0.020252514630556107,-0.02169819362461567,0.027116229757666588,-0.007521432358771563,0.008986646309494972,-0.009533659555017948,-0.03196120262145996,0.00884989369660616,0.006359029561281204,-0.0015889432979747653,-0.0491270013153553,0.014508876018226147,-0.01405303180217743,0.018507283180952072,-0.011330989189445972,0.02613941952586174,-0.01028254721313715,-0.007221877574920654,-0.03995801880955696,-0.0031664904672652483,-0.04053108021616936,0.04600121080875397,-0.0036239628680050373,0.007449799682945013,-0.014834479428827763,0.03821278363466263,-0.02164609730243683,0.011155163869261742,0.05397197604179382,-0.005124993622303009,0.035139091312885284,-0.02500632219016552,0.012841788120567799]');
INSERT INTO `faqs` (`id`, `question`, `answer`, `embedding`) VALUES
(10, 'Where is RaphaVets Clinic located?', 'We are located at Uptown BGC, near the main park. Exact address: 123 Pet Street, BGC, Taguig.', '[-0.012463334016501904,0.034470316022634506,0.05422643572092056,0.01125430129468441,-0.04280493035912514,0.013247920200228691,-0.007279925048351288,0.016373399645090103,-0.0011897403746843338,-0.037119898945093155,-0.010624060407280922,-0.02917114831507206,0.01908729411661625,-0.00016218252130784094,0.009910215623676777,0.003202652558684349,0.030688870698213577,0.014829953201115131,-0.020064810290932655,0.0729021430015564,-0.007955183275043964,-0.022354256361722946,0.004720375407487154,-0.00706770084798336,-0.00441168574616313,-0.00893913023173809,-0.01701650209724903,-0.03665686398744583,0.022457152605056763,-0.04308789595961571,-0.0010579043300822377,-0.034213073551654816,0.054689470678567886,0.022894462570548058,-0.01196171436458826,-0.0017862183740362525,0.027061769738793373,-0.0421103797852993,-0.018084052950143814,0.04581465199589729,-0.0043280827812850475,0.007511442061513662,0.022894462570548058,0.07645207643508911,-0.003231592010706663,-0.015678849071264267,0.03313266113400459,-0.011723766103386879,0.019164467230439186,-0.02744763158261776,0.04128720611333847,-0.003922927659004927,-0.05335181578993797,-0.0009847512701526284,-0.02632863260805607,0.03552500531077385,0.026097115129232407,0.0018762527033686638,0.07146159559488297,0.009550077840685844,0.021878361701965332,-0.025492599233984947,0.036528244614601135,-0.03956368938088417,-0.015768883749842644,0.03717134892940521,-0.03611665964126587,0.043782446533441544,0.009460044093430042,-0.03660541772842407,0.029093975201249123,0.017775364220142365,0.02451508305966854,0.027267564088106155,-0.016373399645090103,-0.02396201342344284,-0.0018891147337853909,0.06863193958997726,0.02421925589442253,0.005006555933505297,0.04470851272344589,0.011344335041940212,-0.014469815418124199,-0.0024582608602941036,-0.02596849575638771,-0.06029732897877693,-0.029351215809583664,-0.0057171848602592945,0.002733187284320593,0.014071092009544373,0.04581465199589729,0.03987238183617592,-0.010083853267133236,0.016283364966511726,0.01591036655008793,0.015434470027685165,-0.0045210132375359535,0.025904184207320213,-0.011704472824931145,-0.035061970353126526,-0.019794708117842674,-0.04249624162912369,0.010077422484755516,0.01185881718993187,0.01273343712091446,-0.016656365245580673,0.03467610850930214,0.04854140803217888,0.028167907148599625,0.020592154935002327,-0.058187950402498245,-0.001636696862988174,0.012154645286500454,-0.021453913301229477,-0.01646343432366848,0.011312180198729038,-0.009607957676053047,-0.048952993005514145,-0.0147141944617033,-0.02767914906144142,-0.010450421832501888,0.034496039152145386,-0.02832225151360035,-0.035627901554107666,-0.006874769926071167,-0.009382870979607105,0.02163398265838623,-0.00001909211823658552,0.004350590985268354,-0.02169829234480858,0.03814886510372162,-0.050676509737968445,0.06425884366035461,-0.01727374456822872,0.02135101705789566,-0.027319012209773064,-0.01272700633853674,0.017132261767983437,-0.061120498925447464,0.01110638678073883,-0.032463833689689636,0.020913707092404366,0.012810610234737396,-0.006025874055922031,-0.008913406170904636,0.03143487125635147,-0.056695953011512756,-0.0031737128738313913,0.009125630371272564,-0.025196772068738937,-0.05504960939288139,0.040875621140003204,0.006591804791241884,0.006797597743570805,-0.03457321226596832,0.012669127434492111,0.04524872079491615,0.01372381579130888,-0.03117762878537178,0.017801089212298393,-0.0716673880815506,0.0657508447766304,0.04704940691590309,0.002072399016469717,0.04398823902010918,-0.0021801188122481108,-0.0008171426597982645,-0.012482627294957638,-0.030817491933703423,-0.03964086249470711,0.021865498274564743,-0.01097776647657156,-0.044631343334913254,0.0008167406776919961,-0.018109777942299843,0.0449400320649147,0.07840710878372192,0.014148264192044735,-0.018058329820632935,0.008386061526834965,-0.01817408762872219,0.030097216367721558,0.03377576544880867,0.056130021810531616,-0.027216114103794098,0.02365332469344139,0.005913331173360348,0.012926368042826653,-0.04221327602863312,0.01670781336724758,-0.021891223266720772,-0.02424497902393341,0.000620594306383282,0.02747335657477379,-0.007112718187272549,0.0239491518586874,-0.006617528852075338,0.00911276787519455,0.006212374195456505,0.014058229513466358,0.0012693243334069848,-0.019730396568775177,0.027807770296931267,-0.024888083338737488,0.02081081084907055,-0.026392944157123566,-0.04797547683119774,-0.005067650694400072,0.025183910503983498,-0.003771798452362418,0.024167807772755623,-0.018958672881126404,0.013325092382729053,-0.004128720611333847,-0.010829852893948555,0.02137674018740654,-0.011890972964465618,0.06467042863368988,0.04393678903579712,-0.024913806468248367,-0.022431429475545883,-0.01701650209724903,0.01558881439268589,0.015665987506508827,-0.008572561666369438,0.01677212305366993,-0.0019212699262425303,-0.04710085690021515,0.019203051924705505,-0.02365332469344139,0.0019486017990857363,-0.013042126782238483,-0.022392842918634415,-0.019833292812108994,0.0023971660993993282,0.012881351634860039,0.037377141416072845,-0.010244629345834255,-0.005064435303211212,0.01669495180249214,0.04337086156010628,-0.005479236599057913,0.02775632217526436,0.015100056305527687,0.007923027500510216,-0.031589213758707047,-0.004639987368136644,-0.015601676888763905,0.0357050746679306,0.02973707765340805,-0.0019084078958258033,0.035036247223615646,0.03750576078891754,-0.0328754223883152,0.00969799142330885,0.059937190264463425,-0.06868339329957962,-0.016579192131757736,0.008257441222667694,0.00044374100980348885,0.039460793137550354,-0.00810952764004469,-0.010630491189658642,-0.011588714085519314,0.0011294494615867734,-0.005501745268702507,-0.019254501909017563,0.030251560732722282,-0.0260456670075655,0.01700364053249359,-0.023190291598439217,0.01933167316019535,0.006411735899746418,-0.019460294395685196,0.008302458561956882,0.04218754917383194,0.00440203957259655,-0.0009043634636327624,-0.005611072760075331,0.018276983872056007,-0.02018056996166706,0.02623859792947769,-0.032515283674001694,-0.003546712454408407,0.01962750032544136,0.02051498182117939,0.035679347813129425,-0.007003390695899725,-0.018006881698966026,0.04537734016776085,-0.007209183648228645,0.004067625850439072,0.023537566885352135,0.012418316677212715,-0.01401964295655489,-0.0086497338488698,0.03892058879137039,-0.005099806003272533,0.03146059438586235,0.03269535303115845,-0.00968512985855341,0.056181471794843674,-0.00038405301165767014,-0.056695953011512756,-0.01850850135087967,0.036219555884599686,-0.008193130604922771,-0.007170597556978464,0.03637390211224556,-0.007832993753254414,-0.019203051924705505,0.02914542332291603,-0.01614188216626644,-0.03004576824605465,0.045145824551582336,0.019164467230439186,0.013582332991063595,-0.012354006990790367,0.011177128180861473,-0.025248220190405846,-0.012231817469000816,-0.02223849855363369,0.014264022931456566,0.023151705041527748,-0.0158846415579319,-0.023846255615353584,0.002175295492634177,0.025351116433739662,0.013209333643317223,0.0048071942292153835,0.03266962617635727,-0.06307553499937057,0.0051126680336892605,-0.0216082576662302,0.010900594294071198,-0.008450372144579887,-0.02218705043196678,-0.016527744010090828,0.0660080835223198,0.0007178636151365936,-0.024077773094177246,-0.05967995151877403,-0.015190090984106064,0.014804229140281677,0.021775463595986366,0.005945486482232809,0.022045567631721497,0.03184645622968674,-0.024437909945845604,0.04964754357933998,-0.022444291040301323,0.02513246238231659,-0.028347976505756378,-0.02025774121284485,-0.030508801341056824,-0.03691410645842552,0.05926836282014847,0.024669427424669266,-0.031331975013017654,0.019730396568775177,-0.025659805163741112,0.014932849444448948,-0.03117762878537178,0.011935990303754807,0.00020046722784172744,0.04324223846197128,0.006816891022026539,0.0035692211240530014,-0.02510673739016056,-0.04887581989169121,0.0127141447737813,0.006456753239035606,0.007138442248106003,0.0022621145471930504,-0.028425147756934166,0.008533976040780544,0.033672869205474854,0.006887631956487894,0.001567563391290605,-0.013620919547975063,0.009054888971149921,-0.015318711288273335,0.02421925589442253,0.023164566606283188,0.03691410645842552,0.033338453620672226,-0.06724283844232559,-0.004887582268565893,-0.047152306884527206,0.022881601005792618,-0.06544215232133865,-0.018302708864212036,0.033904384821653366,-0.03266962617635727,-0.007466424722224474,-0.01702936552464962,-0.035061970353126526,0.01645057275891304,-0.015087193809449673,-0.005849021021276712,0.00044253517990000546,-0.023807669058442116,-0.042624861001968384,0.031897902488708496,0.02652156352996826,0.02369191125035286,-0.038509003818035126,-0.011299317702651024,-0.06034877523779869,-0.014546987600624561,-0.04151872545480728,-0.05484381690621376,0.03843183070421219,0.04756389185786247,0.033647142350673676,0.01821267418563366,0.01787826046347618,-0.0369398295879364,-0.007466424722224474,-0.003971160389482975,0.010778404772281647,0.03290114551782608,-0.0720275267958641,0.034470316022634506,0.014984297566115856,-0.025582633912563324,0.04885009676218033,-0.02398773841559887,-0.08488958328962326,0.025621220469474792,-0.01214821357280016,-0.021724015474319458,-0.0196403618901968,0.033595696091651917,-0.059011124074459076,0.012193230912089348,-0.000507649383507669,-0.00810952764004469,-0.0014871754683554173,0.03642534837126732,0.0019550328142941,-0.038843415677547455,-0.010341094806790352,-0.01700364053249359,-0.04018107056617737,-0.013788126409053802,0.011299317702651024,0.04043830931186676,0.00382646219804883,0.05679884925484657,0.01732519268989563,0.0038200311828404665,-0.03719707205891609,-0.014817090705037117,0.024180669337511063,-0.013350816443562508,0.01965322531759739,0.029814250767230988,0.03140914440155029,-0.015614538453519344,0.034213073551654816,-0.018032604828476906,-0.002495239255949855,0.01441836729645729,0.02538970299065113,-0.05453512817621231,0.011608007363975048,-0.00998738780617714,0.008546837605535984,-0.03354424610733986,-0.012469765730202198,-0.016051849350333214,-0.016682090237736702,0.013196472078561783,-0.022302808240056038,0.051525406539440155,-0.02978852577507496,-0.004717160016298294,-0.004710728768259287,0.06245815381407738,0.037711553275585175,-0.0010723740560933948,-0.02852804586291313,-0.04928740859031677,-0.004437410272657871,-0.05263154208660126,0.031949352473020554,0.07372532039880753,-0.015087193809449673,-0.016000401228666306,0.021299568936228752,0.041724517941474915,-0.010945611633360386,-0.013942470774054527,-0.023910565301775932,0.0010844322387129068,-0.0002461878175381571,-0.020039087161421776,0.013505160808563232,0.0005168939824216068,0.018392743542790413,0.025338254868984222,0.0017830028664320707,0.057261884212493896,0.02857949398458004,0.07213041931390762,-0.015395883470773697,0.02423211745917797,-0.006476046051830053,0.015331572853028774,-0.015563090331852436,-0.01874001882970333,0.002205842873081565,0.008533976040780544,-0.010225336067378521,0.0003665686526801437,-0.0063217016868293285,0.03573079779744148,-0.01904870755970478,-0.01026392262428999,-0.02400059998035431,-0.012932799756526947,-0.02569839172065258,-0.05250292271375656,-0.0002727158134803176,0.02775632217526436,-0.060503121465444565,-0.014649883843958378,0.00014721027400810272,0.03642534837126732,-0.015254400670528412,0.022727256640791893,0.014624159783124924,0.03748003765940666,-0.0410042405128479,-0.012328282929956913,-0.002718717558309436,0.020733637735247612,0.018649984151124954,-0.02247001603245735,-0.015756020322442055,0.025904184207320213,-0.0030836784280836582,-0.021209534257650375,-0.032180868089199066,-0.030766043812036514,-0.032463833689689636,0.004308789502829313,0.03092038817703724,0.011466524563729763,-0.0001369608216919005,0.03526776283979416,-0.04668927192687988,-0.01646343432366848,0.04599472135305405,-0.025479737669229507,-0.005337754264473915,-0.01733805425465107,0.03429024666547775,0.030534526333212852,-0.02304880879819393,0.022650083526968956,0.014521263539791107,-0.020450672134757042,-0.004996909759938717,0.038843415677547455,-0.019164467230439186,-0.0017379856435582042,-0.05782781168818474,-0.004308789502829313,0.0392807237803936,0.014945711940526962,0.011537265963852406,-0.00578149501234293,0.005183409433811903,0.03961513936519623,-0.012939230538904667,-0.022984497249126434,-0.020360637456178665,0.02571125514805317,0.02311311848461628,0.01010957732796669,0.012058179825544357,0.00205792929045856,0.01844419166445732,-0.01850850135087967,-0.003453462617471814,-0.040386863052845,0.01313859224319458,0.0330040417611599,0.030791766941547394,0.04012962058186531,-0.010463284328579903,-0.017415227368474007,0.02600708231329918,-0.024605117738246918,-0.03380148857831955,-0.029634181410074234,-0.01272700633853674,0.01849563978612423,0.004443841055035591,0.02688170224428177,0.013222196139395237,-0.022868739441037178,-0.010771973989903927,-0.021736878901720047,-0.02084939554333687,-0.013929609209299088,0.02657301165163517,0.009935939684510231,-0.0018360588001087308,0.014392643235623837,-0.040283966809511185,-0.009736577980220318,0.01901012286543846,0.0026447607669979334,-0.04267630726099014,-0.011878110468387604,-0.009202802553772926,0.030971836298704147,-0.031331975013017654,-0.01700364053249359,0.027216114103794098,0.025286806747317314,-0.014611298218369484,0.008829803206026554,0.0216082576662302,-0.061995118856430054,-0.009910215623676777,-0.05911402031779289,0.0024196747690439224,0.012489058077335358,0.001134272781200707,-0.01849563978612423,0.030405905097723007,0.012347576208412647,-0.012579092755913734,-0.005524253938347101,0.00685547711327672,0.004466349724680185,0.005758986342698336,0.04066982865333557,0.0022331748623400927,-0.0380459688603878,0.03441886603832245,0.0004051548312418163,-0.015807470306754112,0.011408645659685135,0.022328533232212067,-0.007138442248106003,0.0184699147939682,-0.013183609582483768,-0.044348377734422684,0.04527444392442703,0.014199712313711643,0.014456952922046185,0.030791766941547394,0.002229959238320589,0.03465038537979126,0.03284969553351402,-0.02517104707658291,0.015653124079108238,0.005922977812588215,0.041724517941474915,-0.0011897403746843338,0.02226422354578972,0.005424573086202145,0.034804727882146835,-0.032463833689689636,0.013775263912975788,0.026958873495459557,0.00499369390308857,0.024978116154670715,-0.005656090099364519,0.0033473505172878504,-0.003707488300278783,-0.01937025971710682,0.015035745687782764,0.027627700939774513,0.01874001882970333,0.037119898945093155,0.006636822130531073,-0.02337035909295082,0.0022315671667456627,-0.019447432830929756,-0.01903584599494934,-0.021183809265494347,-0.005604641977697611,0.020579293370246887,0.03874051943421364,0.024437909945845604,-0.004691435489803553,0.0012226994149386883,0.010939180850982666,-0.004762176889926195,-0.0016543822130188346,0.011717335321009159,-0.009337854571640491,0.01762101985514164,-0.05576988309621811,0.03609093651175499,-0.028373699635267258,0.024412186816334724,-0.03210369870066643,-0.019588913768529892,-0.0015764059498906136,-0.022971635684370995,-0.03200080245733261,0.010990628972649574,-0.004257341381162405,-0.05679884925484657,-0.039152104407548904,-0.025492599233984947,-0.002607782371342182,-0.01731233112514019,-0.0025933124125003815,-0.007273493800312281,0.02428356558084488,0.0005036299698986113,-0.007807269226759672,-0.01848277822136879,0.04185313731431961,-0.022572912275791168,-0.06755153089761734,0.009003440849483013,-0.0057332622818648815,-0.0017251234967261553,-0.016077572479844093,0.04427120462059975,-0.0033184110652655363,0.01167874876409769,0.012701282277703285,-0.013942470774054527,0.024630840867757797,0.008778355084359646,0.0006788754835724831,-0.019807569682598114,-0.035061970353126526,-0.019203051924705505,-0.029685629531741142,0.015125780366361141,-0.02599421888589859,0.01592322811484337,0.04730664938688278,-0.029839975759387016,-0.006138417404145002,0.0478983037173748,0.011299317702651024,-0.018984397873282433,0.014842814765870571,0.029865698888897896,0.00981375016272068,-0.013402264565229416,-0.013119298964738846,0.0009413418592885137,-0.04442554712295532,0.04856713116168976,0.008669027127325535,-0.023216014727950096,0.015653124079108238,0.024952393025159836,-0.015228676609694958,0.009871629998087883,-0.022881601005792618,0.025209633633494377,-0.004427763633430004,0.022752981632947922,0.02132529206573963,-0.015961814671754837,-0.011640162207186222,-0.04380816966295242,0.007968044839799404,-0.037068452686071396,0.039743758738040924,0.07650352269411087,-0.010656215250492096,-0.031666386872529984,-0.010495439171791077,-0.0339815579354763,0.004054763820022345,0.058753881603479385,-0.0040290397591888905,0.0006929434021003544,-0.007209183648228645,-0.012206093408167362,0.009659405797719955,0.05000768229365349,-0.012154645286500454,-0.010726956650614738,0.026727356016635895,-0.025505460798740387,0.01312573067843914,-0.030097216367721558,-0.046920787543058395,0.03863762319087982,0.019537465646862984,0.016913605853915215,-0.04308789595961571,0.03094611130654812,-0.008894112892448902,-0.026701632887125015,0.016900744289159775,0.037094175815582275,0.008431078866124153,0.009003440849483013,0.029582733288407326,0.003112618112936616,0.030225835740566254,0.030534526333212852,-0.02454080618917942,-0.028373699635267258,-0.007955183275043964,-0.003517773002386093,0.006148063577711582,-0.003453462617471814,-0.01214178279042244,0.011993869207799435,-0.0352163165807724,-0.008308889344334602,0.014817090705037117,0.05510105565190315,-0.027267564088106155,0.018418466672301292,0.036811210215091705,0.009434320032596588,0.03719707205891609,-0.014212573878467083,-0.022675808519124985,-0.01907443255186081,-0.04036113992333412,-0.022727256640791893,-0.017466675490140915,-0.018354156985878944,-0.011151404120028019,-0.01880432851612568,0.0015756021020933986,-0.014366919174790382,0.011582283303141594,-0.039126381278038025,-0.008270303718745708,0.01993619091808796,0.04012962058186531,0.006919787265360355,0.001726731308735907,-0.027576252818107605,-0.016000401228666306,-0.013157885521650314,0.0064985547214746475,-0.015948951244354248,-0.003691410645842552,0.004392392933368683,0.03966658562421799,0.025363977998495102,-0.020913707092404366,-0.014199712313711643,-0.007607907522469759,0.00234893336892128,-0.009569371119141579,0.004717160016298294,-0.015781745314598083,-0.03778872638940811,-0.036836933344602585,0.030791766941547394,-0.04398823902010918,0.017543846741318703,-0.013286505825817585,-0.008842664770781994,0.016051849350333214,-0.017505262047052383,0.009916646406054497,-0.03807169198989868,-0.02082367241382599,0.009884491562843323,0.044039685279130936,-0.012579092755913734,-0.009878060780465603,0.005360262934118509,-0.01501002162694931,-0.027653425931930542,-0.0444512739777565,0.018649984151124954,0.008341045118868351,-0.021196672692894936,0.0317692831158638,-0.017762502655386925,0.007575752213597298,-0.05314602330327034,0.0003305950958747417,0.023589015007019043,0.002914863871410489,0.03295259177684784,0.02891390584409237,0.012231817469000816,0.018894363194704056,-0.06060601770877838,0.015331572853028774,0.026495840400457382,0.04645775258541107,-0.026444392278790474,-0.03318411111831665,-0.017530985176563263,-0.003675333224236965,-0.006350641138851643,0.008186699822545052,0.015704572200775146,-0.0006752580520696938,-0.053248919546604156,0.02601994387805462,0.012013162486255169,-0.036759763956069946,-0.01931881159543991,-0.03660541772842407,0.022868739441037178,0.002292661927640438,0.01848277822136879,0.01516436692327261,-0.007562890183180571,0.04697223752737045,0.00627668434754014,0.015948951244354248,0.013209333643317223,0.04198175668716431,-0.032258041203022,-0.0008730121771804988,0.015190090984106064,0.0015362120466306806,0.005916546564549208,0.021441051736474037,0.009080613031983376,-0.020322052761912346,0.044348377734422684,0.013402264565229416,-0.0003201446670573205,0.04133865609765053,0.027319012209773064,0.037943072617053986,0.0008010650635696948,-0.018611397594213486,0.020116258412599564,0.005186624825000763,-0.0170550886541605,-0.009614388458430767,0.029865698888897896,0.009177078492939472,0.07259345799684525,-0.03313266113400459,0.02338322252035141,0.011325041763484478,-0.012907075695693493,-0.03773728013038635,0.04483713582158089,0.01326078176498413,0.025261081755161285,0.04023251682519913,-0.02451508305966854,-0.02194267138838768,-0.022341394796967506,0.026392944157123566,0.01961463876068592,-0.025338254868984222,-0.021158086135983467,0.005119099281728268,-0.008289596065878868,-0.026341494172811508,-0.011363628320395947,0.04066982865333557,0.031049007549881935,0.04362810030579567,-0.0345989353954792,-0.012154645286500454,-0.052168507128953934,-0.01876574195921421,0.037428587675094604,-0.006456753239035606,-0.013929609209299088,0.02824508026242256,-0.012354006990790367,0.00006526489596581087,0.010296077467501163,-0.008386061526834965,0.0014268845552578568,0.04398823902010918,0.011575852520763874,-0.03403300419449806,-0.016527744010090828,0.0074085453525185585,0.031331975013017654,-0.0037396433763206005,0.00035129496245644987,-0.027216114103794098,0.024013463407754898,-0.011376490816473961,0.05453512817621231,-0.018019743263721466,-0.012939230538904667,0.004839349538087845,-0.004752530716359615,0.03061169758439064,0.0265987366437912,0.026392944157123566,-0.01254050713032484,0.023486118763685226,0.04283065348863602,0.009633681736886501,-0.04509437456727028,-0.009575801901519299,0.007331373170018196,0.02947983704507351,-0.051293887197971344,-0.0025900970213115215,-0.01185881718993187,-0.017775364220142365,0.03688838332891464,0.008566130883991718,-0.025556908920407295,-0.014868538826704025,0.03320983424782753,0.0043634530156850815,-0.03670831397175789,0.009659405797719955,0.057570572942495346,-0.012913506478071213,0.0007182655390352011,0.002109377644956112,0.013337953947484493,0.011402214877307415,0.024257842451334,0.009042026475071907,0.03848327696323395,-0.02798783779144287,-0.0064824772998690605,0.0032782170455902815,-0.02311311848461628,0.014559850096702576,-0.022752981632947922,0.0024582608602941036,0.007222045678645372,0.014804229140281677,-0.007640062365680933,0.029814250767230988,0.028785286471247673,-0.0035595744848251343,0.018920088186860085,0.009652975015342236,-0.016257641837000847,-0.032746799290180206,0.03372431546449661,0.01585891842842102,-0.015781745314598083,-0.0303544569760561,0.013350816443562508,-0.0006788754835724831,-0.00599050335586071,0.03323555737733841,-0.008296027779579163,-0.011691611260175705,-0.027936389669775963,-0.03511342033743858,-0.03385293856263161,0.0035016953479498625,0.00403225515037775,0.022148463875055313,-0.0042058927938342094,-0.002318385988473892,0.0029164717998355627,0.03925500065088272,0.012643403373658657,0.025569772347807884,-0.009305698797106743,-0.02023201808333397,-0.0363224521279335,0.006810459773987532,0.04249624162912369,0.007858717814087868,-0.0006772677297703922,-0.012746299616992474,0.0444512739777565,0.0019196622306481004,0.011517972685396671,0.03724852204322815,-0.0025547263212502003,-0.010791266337037086,0.012399024330079556,0.01762101985514164,-0.001135880476795137,-0.020875120535492897,0.0491330623626709,-0.018276983872056007,-0.023010222241282463,-0.038560450077056885,-0.0017460243543609977,0.05520395189523697,-0.02018056996166706,0.039718035608530045,-0.00005451302058645524,-0.003405229886993766,0.04126148298382759,0.06374435871839523,0.005939055234193802,0.031923629343509674,-0.0007186675211414695,0.028425147756934166,0.030380181968212128,0.026650184765458107,-0.013736678287386894,-0.0022749765776097775,0.02169829234480858,-0.025479737669229507,-0.0007451954879797995,0.0058458056300878525,0.028090735897421837,-0.007344235200434923,0.019846156239509583,-0.01673353835940361,-0.01674639992415905,0.022958774119615555,-0.001516115153208375,0.03215514495968819,0.007858717814087868,-0.016064710915088654,0.018109777942299843,-0.0312805250287056,-0.010315370745956898,-0.020926568657159805,0.005295952316373587,0.0023762653581798077,-0.00950506143271923,-0.008533976040780544,-0.007292787078768015,-0.03807169198989868,0.00765292439609766,0.03387866169214249,-0.04421975463628769,-0.004749314859509468,-0.016090434044599533,0.01517722848802805,0.0074085453525185585,-0.006058029364794493,-0.007479286752641201,-0.045505963265895844,-0.012521213851869106,0.040283966809511185,0.01672067493200302,0.0029164717998355627,0.046586375683546066,-0.019280225038528442,0.010161026380956173,0.0660080835223198,0.01962750032544136,0.03629672899842262,-0.03027728572487831,-0.014058229513466358,-0.0201934315264225,-0.03992382809519768,0.02456653118133545,0.006247744895517826,0.0013529277639463544,-0.011299317702651024,0.0019100155914202332,-0.00598728796467185,-0.029299767687916756,-0.006048382725566626,-0.020913707092404366,0.031949352473020554,0.018251260742545128,0.023306049406528473,0.016373399645090103,-0.0025691960472613573,-0.03282397240400314,0.006662546191364527,-0.0012371692573651671,-0.000435702211689204,0.018058329820632935,0.022457152605056763,0.027241839095950127,0.02165970578789711,0.01126073207706213,0.02690742537379265,-0.03434169664978981,0.025801287963986397,0.004929383751004934,0.00010370034578954801,0.010829852893948555,0.004279850050806999,-0.01903584599494934,0.00910633709281683,-0.009993819519877434,-0.01988474279642105,0.008784785866737366,0.02334463596343994,-0.007485718000680208,0.007041976787149906,-0.025595495477318764,-0.019781844690442085,-0.001861782860942185,0.0012886174954473972,0.026444392278790474,0.037428587675094604,0.02078508585691452,0.008894112892448902,0.019113019108772278,-0.012379731051623821,0.015048608183860779,0.047743961215019226,-0.017813950777053833,0.01412254013121128,-0.004894013050943613,0.028759561479091644,0.006900493986904621,-0.033595696091651917,-0.014495539478957653,0.00765292439609766,0.010868439450860023,-0.020605016499757767,0.019113019108772278,-0.04563458263874054,0.03030300885438919,-0.0008649734081700444,0.014649883843958378,-0.0008513074717484415,-0.013929609209299088,0.013170747086405754,-0.0061962963081896305,0.009543647058308125,0.03182073310017586,-0.013363678008317947,-0.0254282895475626,-0.05607857182621956,-0.016321951523423195,0.006456753239035606,-0.013942470774054527,-0.019730396568775177,-0.02310025691986084,-0.014907125383615494,-0.010649784468114376,0.03434169664978981,0.03526776283979416,0.01991046592593193,-0.002926118206232786,-0.007093424908816814,-0.02545401267707348,-0.01272700633853674,-0.010289646685123444,-0.0005088551552034914,0.02798783779144287,0.0019952268339693546,0.02601994387805462,-0.000804682495072484,-0.021029464900493622,-0.01669495180249214,-0.032180868089199066,-0.00017625039617996663,0.015653124079108238,-0.011826662346720695,-0.012399024330079556,-0.01732519268989563,-0.03269535303115845,0.009743008762598038,-0.023447532206773758,-0.004054763820022345,-0.00006290350575000048,-0.000640289334114641,-0.030097216367721558,-0.0008995402022264898,0.011460093781352043,-0.014739918522536755,0.06261249631643295,-0.004048332571983337,0.03241238743066788,0.008276734501123428,-0.014855677261948586,0.028142184019088745,0.006029089912772179,0.020952291786670685,0.02945411391556263,-0.007749389857053757,0.06055457144975662,-0.01592322811484337,0.028630942106246948,-0.018534226343035698,-0.0015715827466920018,0.01910015568137169,-0.008997010067105293,-0.029325492680072784,0.04095279425382614,-0.018289847299456596,0.02600708231329918,0.007903735153377056,0.02537684142589569,0.007337803952395916,-0.02196839451789856,-0.0024743385147303343,-0.048335615545511246,-0.023190291598439217,-0.02054070681333542,0.010366818867623806,-0.0018087269272655249,-0.031666386872529984,-0.002598135732114315,-0.007459993939846754,0.016309089958667755,0.019524604082107544,0.03748003765940666,0.012881351634860039,-0.018997259438037872,-0.04283065348863602,-0.0029727432411164045,-0.023537566885352135,-0.026097115129232407,-0.018932949751615524,0.006849045865237713,-0.005794357042759657,-0.024708013981580734,0.01673353835940361,0.02486235834658146,0.02716466598212719,-0.004077272489666939,-0.003376290202140808,-0.00773652782663703,-0.004980831872671843,0.0004694651288446039,-0.023434670642018318,0.004813625477254391,-0.038251761347055435,0.04079844802618027,-0.008900544606149197,0.031306248158216476,0.008244579657912254,0.043139342218637466,-0.014045367948710918,0.01562740094959736,0.024476496502757072,-0.008154544979333878,0.0044920737855136395,0.0027782046236097813,-0.03724852204322815,-0.0005920566036365926,0.0008496997179463506,-0.026212874799966812,0.03465038537979126,0.040052447468042374,-0.011698042042553425,0.026727356016635895,0.01546019408851862,-0.005636796820908785,0.011157835833728313,0.016321951523423195,-0.02424497902393341,-0.024052048102021217,-0.00085693463915959,-0.0038875569589436054,0.009312130510807037,-0.029942872002720833,-0.03987238183617592,0.000007737331543467008,0.0026688771322369576,-0.02138960361480713,-0.017428088933229446,-0.000060743077483493835,0.04450272023677826,0.0006535533466376364,-0.021235257387161255,0.021170947700738907,-0.004601401276886463,-0.0029084328562021255,0.012611247599124908,-0.029299767687916756,-0.026933150365948677,0.00024257037148345262,-0.0033795058261603117,-0.005945486482232809,0.031640663743019104,0.03513914346694946,0.011472956277430058,0.0010233374778181314,-0.0508565790951252,0.016849296167492867,-0.006951942574232817,-0.013479436747729778,-0.004813625477254391,-0.06014298275113106,0.005996934603899717,0.01967894844710827,-0.009794456884264946,0.0028569847345352173,-0.035627901554107666,-0.011292886920273304,-0.002808752004057169,0.0013698091497644782,0.051551129668951035,0.0009863590821623802,0.0006318485829979181,0.007961614057421684,-0.012354006990790367,0.027319012209773064,-0.051010921597480774,0.016656365245580673,-0.02454080618917942,0.029248319566249847,-0.015550227835774422,-0.022135602310299873,-0.04761533811688423,0.007260631769895554,0.0058908225037157536,-0.0023553643841296434,0.03490762412548065,-0.027550527825951576,0.02108091302216053,-0.013788126409053802,-0.024193530902266502,-0.004209108650684357,-0.006720425561070442,-0.026778804138302803,0.03156349062919617,-0.003916496876627207,-0.03153776749968529,0.028682390227913857,-0.04455417022109032,0.03382721170783043,0.01501002162694931,-0.016013262793421745,-0.015190090984106064,0.025621220469474792,0.0016053456347435713,0.013402264565229416,0.0007857913733460009,-0.016939330846071243,-0.023601876571774483,0.052168507128953934,0.04653492569923401,0.007640062365680933,-0.009003440849483013,-0.007923027500510216,-0.01185238640755415,0.005099806003272533,-0.03066314570605755,0.02796211466193199,0.0035820831544697285,-0.013582332991063595,0.004096565302461386,0.009601525962352753,-0.0001421860361006111,0.011202852241694927,0.008849095553159714,-0.031589213758707047,0.01758243329823017,-0.007704372983425856,0.008861958049237728,-0.018045468255877495,-0.026933150365948677,0.024437909945845604,0.015717435628175735,0.0280135627835989,0.02742190845310688,0.024682288989424706,-0.010038835927844048,0.035602178424596786,0.031640663743019104,-0.016283364966511726,0.011826662346720695,0.03814886510372162,0.012894213199615479,0.0012829903280362487,0.028219355270266533,0.020875120535492897,0.0190229844301939,0.019267363473773003,0.028399424627423286,0.0033151954412460327,-0.002784635638818145,0.010064560920000076,-0.0074085453525185585,-0.025363977998495102,0.01301640272140503,-0.022302808240056038,0.04293354973196983,-0.014456952922046185,-0.003746074391528964,0.009562940336763859,0.03573079779744148,0.024733737111091614,0.0020627526100724936,-0.02226422354578972,-0.00353063503280282,0.042238999158144,0.002877885475754738,0.0037910917308181524,0.011987438425421715,0.025479737669229507,0.01499716006219387,-0.04478568583726883,0.012598386034369469,0.009890922345221043,-0.004813625477254391,-0.027293287217617035,0.02860521711409092,-0.01880432851612568,-0.010148163884878159,0.03925500065088272,0.017981156706809998,-0.007910165935754776,-0.012180369347333908,-0.017222296446561813,-0.03197507560253143,-0.018302708864212036,0.010836283676326275,0.0363224521279335,-0.007016252726316452,-0.021453913301229477,-0.006900493986904621,0.00255794171243906,0.01615474559366703,0.02483663335442543,-0.016000401228666306,0.031023284420371056,0.006951942574232817,0.0024839849211275578,0.017209433019161224,-0.037094175815582275,-0.011151404120028019,-0.02048925869166851,0.0007275101379491389,-0.011112818494439125,0.01910015568137169,-0.0017186924815177917,0.007595045492053032,-0.01213535200804472,-0.024425048381090164,0.038277484476566315,0.01876574195921421,-0.029685629531741142,0.0018649984849616885,-0.0093893026933074,-0.016090434044599533,0.006173788104206324,-0.016823571175336838]');

-- --------------------------------------------------------

--
-- Table structure for table `forum_images_tbl`
--

CREATE TABLE `forum_images_tbl` (
  `forumImageID` int(11) NOT NULL,
  `forumID` int(11) NOT NULL,
  `imageName` varchar(255) NOT NULL,
  `isDeleted` tinyint(1) NOT NULL
) ENGINE=InnoDB DEFAULT CHARSET=utf8mb4 COLLATE=utf8mb4_general_ci;

--
-- Dumping data for table `forum_images_tbl`
--

INSERT INTO `forum_images_tbl` (`forumImageID`, `forumID`, `imageName`, `isDeleted`) VALUES
(1, 2, 'image-1762858826305-982065420.jpg', 1),
(2, 2, 'image-1762858826306-797215708.jpg', 1),
(3, 3, 'image-1762858962364-675993991.jpeg', 1),
(4, 4, 'image-1762860491543-336551134.png', 1),
(5, 5, 'image-1762878564919-596408155.png', 1),
(6, 6, 'image-1762878779749-771930796.jpeg', 1),
(7, 7, 'image-1762878817463-839407871.png', 1),
(8, 8, 'image-1762878922606-295985859.png', 1),
(9, 9, 'image-1762880202374-527291952.jpeg', 1),
(10, 10, 'image-1762880881486-33113444.jpeg', 1),
(11, 11, 'image-1762881267978-109360591.jpeg', 1),
(12, 12, 'image-1762883343023-809445452.jpeg', 1),
(13, 13, 'image-1762888235903-34065093.png', 1),
(14, 13, 'image-1762890147093-869791497.png', 1),
(15, 14, 'image-1762890257174-434927200.png', 1),
(16, 14, 'image-1762890268841-638899812.jpeg', 1),
(17, 15, 'image-1762918604217-159052591.jpeg', 0),
(18, 15, 'image-1762920116768-235807608.png', 0),
(19, 15, 'image-1762920189690-705852010.png', 0),
(20, 16, 'image-1763126286418-934497497.jpg', 0),
(21, 17, 'image-1763807103530-154302295.png', 0);

-- --------------------------------------------------------

--
-- Table structure for table `forum_posts_tbl`
--

CREATE TABLE `forum_posts_tbl` (
  `forumID` int(11) NOT NULL,
  `accID` int(11) NOT NULL,
  `postType` enum('Found','Lost') NOT NULL,
  `description` varchar(255) NOT NULL,
  `contact` varchar(13) NOT NULL,
  `email` varchar(255) NOT NULL,
  `createdAt` datetime NOT NULL DEFAULT current_timestamp(),
  `lastUpdatedAt` datetime NOT NULL DEFAULT current_timestamp() ON UPDATE current_timestamp(),
  `isAnonymous` tinyint(1) NOT NULL,
  `isDeleted` tinyint(1) NOT NULL
) ENGINE=InnoDB DEFAULT CHARSET=utf8mb4 COLLATE=utf8mb4_general_ci;

--
-- Dumping data for table `forum_posts_tbl`
--

INSERT INTO `forum_posts_tbl` (`forumID`, `accID`, `postType`, `description`, `contact`, `email`, `createdAt`, `lastUpdatedAt`, `isAnonymous`, `isDeleted`) VALUES
(2, 2, 'Found', 'Hi Syug', '', 'cont@c.tin', '2025-11-11 19:00:26', '2025-11-12 00:46:46', 0, 1),
(3, 2, 'Found', 'Mark as Found Test 1', '', 'cont@c.tmo', '2025-11-11 19:02:42', '2025-11-12 00:53:41', 0, 1),
(4, 2, 'Found', 'Edit Timestamp check', '', 'timest@mp.check', '2025-11-11 19:28:11', '2025-11-12 00:53:51', 0, 1),
(5, 2, 'Found', 'sada', '', 'cont@c.tc', '2025-11-12 00:29:25', '2025-11-12 00:53:57', 0, 1),
(6, 2, 'Found', 'kupal', '09193344512', '', '2025-11-12 00:32:59', '2025-11-12 00:54:00', 0, 1),
(7, 2, 'Found', 'Hell Yeahh', '', 'cont@ct.me', '2025-11-12 00:33:37', '2025-11-12 00:56:52', 0, 1),
(8, 2, 'Lost', 'I am lost, trying to get found in an ocean of... People', '', 'cont@ct.me', '2025-11-12 00:35:22', '2025-11-12 00:56:58', 0, 1),
(9, 2, 'Found', 'tubol sa daan', '', 'cont@ct.me', '2025-11-12 00:56:42', '2025-11-12 01:05:01', 0, 1),
(10, 2, 'Lost', 'Ekis', '', 'cont@ct.me', '2025-11-12 01:08:01', '2025-11-12 01:14:36', 0, 1),
(11, 2, 'Lost', 'dikoalam', '', 'c@t.me', '2025-11-12 01:14:28', '2025-11-12 01:14:45', 0, 1),
(12, 2, 'Lost', 'Descriptive yarn', '', 'c@t.meow', '2025-11-12 01:49:03', '2025-11-12 01:49:15', 0, 1),
(13, 2, 'Lost', 'Louvre', '09021920987', 'contact@me.com', '2025-11-12 03:10:35', '2025-11-12 03:43:43', 1, 1),
(14, 2, 'Lost', 'Ihh ang bangis', '', 'cont@ct.me', '2025-11-12 03:44:17', '2025-11-12 11:35:31', 0, 1),
(15, 2, 'Lost', 'bin', '', 'cont@ct.me', '2025-11-12 11:36:44', '2025-11-12 12:03:09', 1, 0),
(16, 2, 'Lost', 'yes', '09123456789', 'markmapili28@gmail.com', '2025-11-14 21:18:06', '2025-11-14 21:18:32', 1, 0),
(17, 17, 'Lost', 'haga', '09123434556', 'safdsafs@gmail.cpm', '2025-11-22 18:25:03', '2025-11-22 18:25:03', 1, 0);

-- --------------------------------------------------------

--
-- Table structure for table `icon_tbl`
--

CREATE TABLE `icon_tbl` (
  `iconID` int(11) NOT NULL,
  `icon` varchar(250) NOT NULL,
  `iconName` varchar(250) NOT NULL,
  `iconKey` varchar(250) NOT NULL
) ENGINE=InnoDB DEFAULT CHARSET=utf8mb4 COLLATE=utf8mb4_general_ci;

--
-- Dumping data for table `icon_tbl`
--

INSERT INTO `icon_tbl` (`iconID`, `icon`, `iconName`, `iconKey`) VALUES
(1, 'scissors', 'Scissors', 'Scissors'),
(2, 'dumbbell', 'Exercise', 'Dumbbell'),
(3, 'droplets', 'Water', 'Droplets'),
(4, 'bone', 'Nutrition', 'Bone'),
(5, 'puzzle', 'Mental', 'Puzzle'),
(6, 'heart', 'Health', 'Heart'),
(7, 'stethoscope', 'Vet', 'Stethoscope'),
(8, 'utensils', 'Food', 'Utensils'),
(9, 'activity', 'Activity', 'Activity'),
(10, 'bath', 'Hygiene', 'Bath');

-- --------------------------------------------------------

--
-- Table structure for table `labtype_tbl`
--

CREATE TABLE `labtype_tbl` (
  `labType_ID` int(11) NOT NULL,
  `labType` varchar(250) NOT NULL
) ENGINE=InnoDB DEFAULT CHARSET=utf8mb4 COLLATE=utf8mb4_general_ci;

--
-- Dumping data for table `labtype_tbl`
--

INSERT INTO `labtype_tbl` (`labType_ID`, `labType`) VALUES
(1, 'Lab Record'),
(2, 'Medical History');

-- --------------------------------------------------------

--
-- Table structure for table `petmedical_file_tbl`
--

CREATE TABLE `petmedical_file_tbl` (
  `fileID` int(11) NOT NULL,
  `petmedicalID` int(11) NOT NULL,
  `originalName` varchar(250) NOT NULL,
  `storedName` varchar(250) NOT NULL,
  `filePath` varchar(250) NOT NULL,
  `uploadedOn` datetime NOT NULL DEFAULT current_timestamp(),
  `uploadedBy` int(11) NOT NULL,
  `isDeleted` tinyint(1) NOT NULL
) ENGINE=InnoDB DEFAULT CHARSET=utf8mb4 COLLATE=utf8mb4_general_ci;

--
-- Dumping data for table `petmedical_file_tbl`
--

INSERT INTO `petmedical_file_tbl` (`fileID`, `petmedicalID`, `originalName`, `storedName`, `filePath`, `uploadedOn`, `uploadedBy`, `isDeleted`) VALUES
(1, 3, 'RaphaVets Pet Clinic (1).pdf', 'file-1763801734027-596201846.pdf', 'C:\\Users\\LENOVO\\OneDrive\\Desktop\\RaphaVets\\RaphaVets-Pet-Clinic\\uploads\\medical_records\\file-1763801734027-596201846.pdf', '2025-11-22 16:55:34', 1, 1),
(2, 4, 'MODULE-2-DERIVATIVE-Students (1).pdf', 'file-1763804999112-142683150.pdf', 'C:\\Users\\LENOVO\\OneDrive\\Desktop\\RaphaVets\\RaphaVets-Pet-Clinic\\uploads\\medical_records\\file-1763804999112-142683150.pdf', '2025-11-22 17:49:59', 1, 1),
(3, 5, 'MATRIX OPERATION (SUBTRACTION) - MAPILI.pdf', 'file-1763897995250-343674125.pdf', 'C:\\Users\\LENOVO\\OneDrive\\Desktop\\RaphaVets\\RaphaVets-Pet-Clinic\\uploads\\medical_records\\file-1763897995250-343674125.pdf', '2025-11-23 19:39:55', 1, 1),
(4, 6, 'Module-3.pdf', 'file-1763899737328-343761804.pdf', 'C:\\Users\\LENOVO\\OneDrive\\Desktop\\RaphaVets\\RaphaVets-Pet-Clinic\\uploads\\medical_records\\file-1763899737328-343761804.pdf', '2025-11-23 20:08:57', 1, 1),
(5, 7, 'MODULE-2-DERIVATIVE-Students (1).pdf', 'file-1763904927620-819342555.pdf', 'C:\\Users\\LENOVO\\OneDrive\\Desktop\\RaphaVets\\RaphaVets-Pet-Clinic\\uploads\\medical_records\\file-1763904927620-819342555.pdf', '2025-11-23 21:35:27', 1, 0),
(6, 8, 'Mapili, Mark Angel O. - Midterm Exams Discrete Structures.pdf', 'file-1763904969883-497559202.pdf', 'C:\\Users\\LENOVO\\OneDrive\\Desktop\\RaphaVets\\RaphaVets-Pet-Clinic\\uploads\\medical_records\\file-1763904969883-497559202.pdf', '2025-11-23 21:36:09', 1, 0);

-- --------------------------------------------------------

--
-- Table structure for table `petmedical_tbl`
--

CREATE TABLE `petmedical_tbl` (
  `petMedicalID` int(11) NOT NULL,
  `petID` int(11) NOT NULL,
  `recordTitle` varchar(250) NOT NULL,
  `labTypeID` int(11) NOT NULL,
  `uploadedOn` datetime NOT NULL DEFAULT current_timestamp(),
  `lastUpdated` datetime NOT NULL DEFAULT current_timestamp(),
  `isDeleted` tinyint(1) NOT NULL
) ENGINE=InnoDB DEFAULT CHARSET=utf8mb4 COLLATE=utf8mb4_general_ci;

--
-- Dumping data for table `petmedical_tbl`
--

INSERT INTO `petmedical_tbl` (`petMedicalID`, `petID`, `recordTitle`, `labTypeID`, `uploadedOn`, `lastUpdated`, `isDeleted`) VALUES
(1, 60, 'haha', 2, '2025-11-22 16:14:09', '2025-11-22 16:14:09', 0),
(2, 60, 'Halo', 1, '2025-11-22 16:16:26', '2025-11-22 16:16:26', 1),
(3, 62, 'Halo', 2, '2025-11-22 16:55:34', '2025-11-22 16:55:34', 1),
(4, 61, 'Halobbbb', 1, '2025-11-22 17:49:59', '2025-11-22 17:49:59', 1),
(5, 62, 'HaloHalo', 2, '2025-11-23 19:39:55', '2025-11-23 19:39:55', 1),
(6, 60, 'Halobbbb', 1, '2025-11-23 20:08:57', '2025-11-23 20:08:57', 1),
(7, 60, 'working', 1, '2025-11-23 21:27:56', '2025-11-23 21:35:27', 0),
(8, 62, 'Working na', 1, '2025-11-23 21:36:09', '2025-11-23 21:39:30', 0);

-- --------------------------------------------------------

--
-- Table structure for table `pet_allergies_tbl`
--

CREATE TABLE `pet_allergies_tbl` (
  `petID` int(11) NOT NULL,
  `allergenID` int(11) NOT NULL,
  `severity` enum('Mild','Modarate','Severe') NOT NULL
) ENGINE=InnoDB DEFAULT CHARSET=utf8mb4 COLLATE=utf8mb4_general_ci;

-- --------------------------------------------------------

--
-- Table structure for table `pet_care_category_tbl`
--

CREATE TABLE `pet_care_category_tbl` (
  `petCareCategoryID` int(11) NOT NULL,
  `categoryName` varchar(250) NOT NULL
) ENGINE=InnoDB DEFAULT CHARSET=utf8mb4 COLLATE=utf8mb4_general_ci;

--
-- Dumping data for table `pet_care_category_tbl`
--

INSERT INTO `pet_care_category_tbl` (`petCareCategoryID`, `categoryName`) VALUES
(1, 'Health'),
(2, 'Nutrition'),
(3, 'Exercise'),
(4, 'Hygiene'),
(5, 'Behavior'),
(11, 'Hello');

-- --------------------------------------------------------

--
-- Table structure for table `pet_care_tips_content_tbl`
--

CREATE TABLE `pet_care_tips_content_tbl` (
  `petCareID` int(11) NOT NULL,
  `accID` int(11) NOT NULL,
  `iconID` int(11) NOT NULL,
  `title` varchar(250) NOT NULL,
  `petCareCategoryID` int(11) NOT NULL,
  `shortDescription` varchar(250) NOT NULL,
  `learnMoreURL` varchar(250) NOT NULL,
  `detailedContent` varchar(250) NOT NULL,
  `pubStatusID` int(11) NOT NULL,
  `createdAt` datetime NOT NULL DEFAULT current_timestamp(),
  `lastUpdated` datetime NOT NULL DEFAULT current_timestamp(),
  `isDeleted` tinyint(1) NOT NULL
) ENGINE=InnoDB DEFAULT CHARSET=utf8mb4 COLLATE=utf8mb4_general_ci;

--
-- Dumping data for table `pet_care_tips_content_tbl`
--

INSERT INTO `pet_care_tips_content_tbl` (`petCareID`, `accID`, `iconID`, `title`, `petCareCategoryID`, `shortDescription`, `learnMoreURL`, `detailedContent`, `pubStatusID`, `createdAt`, `lastUpdated`, `isDeleted`) VALUES
(1, 5, 1, 'Brushed Your Dogs Fur Daily', 4, 'Prevents mats and reduces shedding.', 'https://lila-loves-it.com/en/magazine/brushing-dogs-why-it-is-so-important/\r\n', 'Use a suitable brush to remove loose hair and prevent tangles. This keeps your dog comfortable, prevents skin irritation, and helps detect lumps or skin issues early.', 2, '2025-11-18 14:46:13', '2025-11-17 11:53:28', 0),
(2, 5, 1, 'Trim Your Cats Nails Weekly', 1, 'Avoids scratching injuries.', 'https://www.petmd.com/news/view/how-often-should-you-trim-cats-nails-37807', 'Use cat-specific nail clippers. Gently trim the sharp tips, avoid the quick, and reward your cat afterwards. Regular trimming keeps them safe and prevents furniture damage.', 2, '2025-11-18 14:46:13', '2025-11-18 15:35:02', 0),
(4, 5, 1, 'Give 30-Minute Walks Daily', 1, 'Keeps your dog healthy and active.', 'https://vcahospitals.com/know-your-pet/the-benefits-of-walking-your-dog', 'Walk your dog twice a day or a single 30-minute session. Walking supports physical fitness, reduces anxiety, and strengthens the bond with your pet.', 2, '2025-11-18 14:46:13', '2025-11-18 15:37:42', 0),
(5, 5, 3, 'Offer Fresh Water Multiple Times a Day', 1, 'Prevents dehydration.', 'https://www.wellnesspetfood.com/blog/how-often-should-you-change-your-pets-water/', 'Change your pet\'s water 23 times daily. Clean bowls thoroughly to avoid bacteria. Proper hydration keeps pets energetic and prevents kidney and urinary issues.', 1, '2025-11-18 14:46:13', '2025-11-17 13:04:10', 0),
(6, 5, 4, 'Feed Measured Portions', 2, 'Controls weight and digestion.', 'https://www.northpointpets.com/whyaccuratelymeasuringyourpetsfoodisessential/', 'Use a measuring cup to feed your pet appropriate portions based on age, size, and activity level. Avoid free-feeding. Consult your vet for dietary adjustments if needed.', 1, '2025-11-18 14:46:13', '2025-11-17 13:04:10', 0),
(7, 5, 1, 'Use Puzzle Toys to Stimulate Your Pet', 1, 'Keeps their mind sharp.', 'https://vmc.vet.osu.edu/sites/default/files/documents/behavioral-med-puzzle-toys-2024.pdf', 'Introduce treat puzzles, hide-and-seek games, or interactive toys. Mental stimulation prevents boredom, improves behavior, and strengthens your bond.', 1, '2025-11-18 14:46:13', '2025-11-18 15:34:12', 0),
(9, 2, 2, 'GAGi', 11, 'is it me your looking for', 'miss na miss kita', 'pinyabuhay sarap sustasya', 3, '2025-11-18 17:15:17', '2025-11-18 17:26:52', 0);

-- --------------------------------------------------------

--
-- Table structure for table `pet_tbl`
--

CREATE TABLE `pet_tbl` (
  `petID` int(11) NOT NULL,
  `accID` int(11) NOT NULL,
  `petName` varchar(255) NOT NULL,
  `petGender` enum('Male','Female') NOT NULL,
  `breedID` int(11) NOT NULL,
  `dateOfBirth` date NOT NULL,
  `weight_kg` decimal(5,2) DEFAULT NULL,
  `color` varchar(250) DEFAULT NULL,
  `note` varchar(250) DEFAULT NULL,
  `imageName` varchar(255) NOT NULL,
  `createdAt` datetime NOT NULL DEFAULT current_timestamp(),
  `lastUpdatedAt` datetime NOT NULL DEFAULT current_timestamp() ON UPDATE current_timestamp(),
  `isDeleted` tinyint(1) NOT NULL
) ENGINE=InnoDB DEFAULT CHARSET=utf8mb4 COLLATE=utf8mb4_general_ci;

--
-- Dumping data for table `pet_tbl`
--

INSERT INTO `pet_tbl` (`petID`, `accID`, `petName`, `petGender`, `breedID`, `dateOfBirth`, `weight_kg`, `color`, `note`, `imageName`, `createdAt`, `lastUpdatedAt`, `isDeleted`) VALUES
(53, 6, 'Carpenter', 'Female', 2, '2025-11-23', 1.00, 'dsada', 'dsadsa', '', '2025-11-15 23:53:43', '2025-11-16 14:50:36', 1),
(54, 15, 'HAHA', 'Male', 1, '2025-11-05', 2.00, 'das', NULL, '', '2025-11-16 13:46:52', '2025-11-16 13:46:52', 0),
(56, 2, 'Marcy', 'Male', 1, '2025-11-13', NULL, NULL, NULL, 'petImage-1763304525120-946292901.jpg', '2025-11-16 15:08:17', '2025-11-16 22:48:45', 0),
(57, 2, 'BEBE', 'Female', 1, '2025-11-05', 1.00, 'black', NULL, 'petImage-1763302372637-418073190.jpg', '2025-11-16 16:38:51', '2025-11-16 22:12:52', 0),
(59, 9, 'Tobi', 'Male', 1, '2025-11-04', 12.00, 'black', NULL, '', '2025-11-17 10:11:43', '2025-11-17 10:11:43', 0),
(60, 17, 'Markei', 'Male', 2, '2025-11-13', 12.00, 'Black', NULL, 'petImage-1763432387512-270847559.jpg', '2025-11-18 09:28:29', '2025-11-18 10:19:47', 0),
(61, 18, 'Mark Angel Mapili', 'Male', 1, '2025-11-13', 45.00, 'Brown', NULL, '', '2025-11-22 12:58:29', '2025-11-22 12:58:29', 0),
(62, 17, 'Gigi', 'Female', 1, '2025-11-19', 12.00, 'black', NULL, '', '2025-11-22 14:53:47', '2025-11-22 14:53:47', 0),
(63, 9, 'daffadf', 'Female', 1, '2025-11-06', 1.00, 'adsadsa', 'fadsa', '', '2025-11-22 19:16:02', '2025-11-23 20:51:15', 1);

-- --------------------------------------------------------

--
-- Table structure for table `publication_status_tbl`
--

CREATE TABLE `publication_status_tbl` (
  `pubStatsID` int(11) NOT NULL,
  `pubStatus` varchar(250) NOT NULL,
  `pubStatusIcon` varchar(250) NOT NULL,
  `description` varchar(250) NOT NULL
) ENGINE=InnoDB DEFAULT CHARSET=utf8mb4 COLLATE=utf8mb4_general_ci;

--
-- Dumping data for table `publication_status_tbl`
--

INSERT INTO `publication_status_tbl` (`pubStatsID`, `pubStatus`, `pubStatusIcon`, `description`) VALUES
(1, 'Draft', 'FileText', 'Save for later editing'),
(2, 'Published', 'Eye', 'Make visible to users'),
(3, 'Archived', 'Archive', 'Hide from users');

-- --------------------------------------------------------

--
-- Table structure for table `role_tbl`
--

CREATE TABLE `role_tbl` (
  `roleID` int(11) NOT NULL,
  `roleName` varchar(20) NOT NULL
) ENGINE=InnoDB DEFAULT CHARSET=utf8mb4 COLLATE=utf8mb4_general_ci;

--
-- Dumping data for table `role_tbl`
--

INSERT INTO `role_tbl` (`roleID`, `roleName`) VALUES
(1, 'Client'),
(2, 'Administrator'),
(3, 'Veterinarian');

-- --------------------------------------------------------

--
-- Table structure for table `scheduletime_tbl`
--

CREATE TABLE `scheduletime_tbl` (
  `scheduledTimeID` int(11) NOT NULL,
  `scheduleTime` varchar(250) NOT NULL
) ENGINE=InnoDB DEFAULT CHARSET=utf8mb4 COLLATE=utf8mb4_general_ci;

--
-- Dumping data for table `scheduletime_tbl`
--

INSERT INTO `scheduletime_tbl` (`scheduledTimeID`, `scheduleTime`) VALUES
(1, '08:00:00'),
(2, '09:00:00'),
(3, '10:00:00'),
(4, '11:00:00'),
(5, '12:00:00'),
(6, '13:00:00'),
(7, '14:00:00'),
(8, '15:00:00'),
(9, '16:00:00'),
(10, '17:00:00'),
(11, '18:00:00'),
(12, '19:00:00'),
(13, '20:00:00');

-- --------------------------------------------------------

--
-- Table structure for table `service_pricing_tbl`
--

CREATE TABLE `service_pricing_tbl` (
  `priceID` int(11) NOT NULL,
  `serviceID` int(11) NOT NULL,
  `category` varchar(255) DEFAULT NULL,
  `label` varchar(255) DEFAULT NULL,
  `price` decimal(10,2) DEFAULT NULL
) ENGINE=InnoDB DEFAULT CHARSET=utf8mb4 COLLATE=utf8mb4_general_ci;

--
-- Dumping data for table `service_pricing_tbl`
--

INSERT INTO `service_pricing_tbl` (`priceID`, `serviceID`, `category`, `label`, `price`) VALUES
(1, 1, NULL, 'Consultation (Price may vary depending on type of service)', NULL),
(2, 6, 'For Dogs', '5-in-1 Vaccine', 500.00),
(3, 6, 'For Dogs', '8-in-1 Vaccine', 600.00),
(4, 6, 'For Dogs', 'Anti-Rabies Vaccine', 250.00),
(5, 6, 'For Dogs', 'Kennel Cough Vaccine', 500.00),
(6, 6, 'For Cats', '4-in-1 Vaccine', 850.00),
(7, 2, NULL, 'Surgery (Cost may vary depending on case)', NULL),
(8, 7, 'Price', 'Blood Chemistry Test', 2800.00),
(9, 3, 'Price', 'CBC Test', 950.00),
(10, 8, 'Price', 'Health Certificate', 750.00),
(11, 4, NULL, 'Microchipping (Price may vary depending on microchip type)', NULL),
(12, 9, NULL, 'Confinement (Depends on duration and care level)', NULL),
(13, 10, 'Prices', '110 kg', 5000.00),
(14, 10, 'Prices', '10.115 kg', 7000.00),
(15, 5, 'Prices', '0.12 kg', 150.00),
(16, 5, 'Prices', '25 kg', 250.00),
(17, 5, 'Prices', '5.17 kg', 300.00),
(18, 5, 'Prices', '7.110 kg', 350.00),
(19, 5, 'Prices', '10.115 kg', 400.00),
(20, 5, 'Prices', '15.120 kg', 450.00),
(21, 5, 'Prices', '2030 kg', 500.00);

-- --------------------------------------------------------

--
-- Table structure for table `service_tbl`
--

CREATE TABLE `service_tbl` (
  `serviceID` int(11) NOT NULL,
  `service` varchar(250) NOT NULL,
  `description` varchar(250) NOT NULL,
  `long_description` text DEFAULT NULL,
  `note` varchar(255) DEFAULT NULL,
  `duration` varchar(250) NOT NULL
) ENGINE=InnoDB DEFAULT CHARSET=utf8mb4 COLLATE=utf8mb4_general_ci;

--
-- Dumping data for table `service_tbl`
--

INSERT INTO `service_tbl` (`serviceID`, `service`, `description`, `long_description`, `note`, `duration`) VALUES
(1, 'Consultation', 'General check-up', 'Our veterinary consultations provide expert guidance to ensure your pets stay healthy and well-cared for. From routine check-ups to addressing specific health concerns, our dedicated vets take the time to understand your pet\'s needs and offer tailored advice for their overall well-being.', 'Consultation fees may vary depending on the type of service required.', '30-50 min'),
(2, 'Basic Soft Tissue Surgery', 'Scheduled procedure', 'Our clinic provides safe and reliable soft tissue surgeries to address common health issues in pets, such as lump removals, wound repairs, or minor surgical needs. With modern facilities and experienced veterinarians, we ensure your pets receive gentle, expert care throughout the procedure.', 'Surgery costs may vary depending on the case and treatment required.', 'Varies'),
(3, 'CBC', 'Complete blood count', 'A complete blood count is an essential test to evaluate your pet\'s overall health. It helps detect infections, anemia, immune system issues, and other conditions that may not be visible through routine check-ups. Regular CBC testing ensures early detection and timely care for your pets.', NULL, 'Varies'),
(4, 'Microchipping', 'Permanent ID implant', 'Microchipping is a safe and permanent way to identify your pets and ensure they can always find their way back to you if lost. The tiny microchip is quickly implanted under your pet\'s skin and linked to your contact information, giving you peace of mind and added security for your beloved companion.', 'Pricing may vary depending on the type of microchip and registration requirements.', 'Varies'),
(5, 'Deworming', 'Parasite control', 'Protect your pets from harmful internal parasites with our safe and effective deworming service. Regular deworming ensures your dogs and cats stay healthy, active, and free from intestinal worms.', NULL, 'Varies'),
(6, 'Vaccination', 'Routine vaccines', 'Protect your pets from harmful diseases with our comprehensive vaccination services. We provide safe and effective vaccines tailored to your pet\'s needs, ensuring their long-term health and immunity.', NULL, 'Varies'),
(7, 'Blood Chemistry Lab', 'Detailed panel', 'Our blood chemistry tests provide vital insights into your pet\'s overall health, including organ function, hydration, and possible underlying conditions. This service helps us detect issues early and create the right treatment plan for your dog or cat.', NULL, 'Varies'),
(8, 'Veterinary Health Certificate', 'Travel & export docs', 'A veterinary health certificate provides official proof that your pet is healthy and fit for travel, adoption, or other requirements. Our licensed veterinarians will examine your dog or cat thoroughly to ensure they meet all health standards before issuing the certificate.', NULL, 'Varies'),
(9, 'Confinement', 'Overnight observation', 'For pets requiring close monitoring and extended care, our clinic offers safe and comfortable confinement facilities. Whether your pet is recovering from surgery, illness, or needs observation, our veterinary team ensures they receive round-the-clock attention and proper medical support.', 'Pricing depends on the duration of stay and the level of care required.', 'Varies'),
(10, 'Dental Prophylaxis', 'Cleaning & check', 'Good oral health is essential for your pet\'s overall well-being. Our dental prophylaxis service includes thorough cleaning to prevent plaque, tartar buildup, and gum disease, helping your pets maintain healthy teeth and fresh breath.', NULL, 'Varies');

-- --------------------------------------------------------

--
-- Table structure for table `userpreference_tbl`
--

CREATE TABLE `userpreference_tbl` (
  `userprefID` int(11) NOT NULL,
  `accId` int(11) NOT NULL,
  `appointmentReminders` tinyint(1) NOT NULL,
  `petHealthUpd` tinyint(1) NOT NULL,
  `promoEmail` tinyint(1) NOT NULL,
  `clinicAnnouncement` tinyint(1) NOT NULL
) ENGINE=InnoDB DEFAULT CHARSET=utf8mb4 COLLATE=utf8mb4_general_ci;

--
-- Dumping data for table `userpreference_tbl`
--

INSERT INTO `userpreference_tbl` (`userprefID`, `accId`, `appointmentReminders`, `petHealthUpd`, `promoEmail`, `clinicAnnouncement`) VALUES
(1, 2, 0, 0, 1, 0),
(2, 17, 1, 0, 1, 0);

-- --------------------------------------------------------

--
-- Table structure for table `vet_table`
--

CREATE TABLE `vet_table` (
  `vetId` int(11) NOT NULL,
  `accId` int(11) NOT NULL,
  `licenseNumber` int(50) NOT NULL,
  `specializationId` int(11) NOT NULL,
  `certificationId` int(11) NOT NULL
) ENGINE=InnoDB DEFAULT CHARSET=utf8mb4 COLLATE=utf8mb4_general_ci;

-- --------------------------------------------------------

--
-- Table structure for table `video_category_tbl`
--

CREATE TABLE `video_category_tbl` (
  `videoCategoryID` int(11) NOT NULL,
  `videoCategory` varchar(250) NOT NULL
) ENGINE=InnoDB DEFAULT CHARSET=utf8mb4 COLLATE=utf8mb4_general_ci;

--
-- Dumping data for table `video_category_tbl`
--

INSERT INTO `video_category_tbl` (`videoCategoryID`, `videoCategory`) VALUES
(1, 'Training'),
(2, 'Health Tips'),
(3, 'Grooming'),
(4, 'Behavior'),
(5, 'Nutrition');

-- --------------------------------------------------------

--
-- Table structure for table `video_content_tbl`
--

CREATE TABLE `video_content_tbl` (
  `videoID` int(11) NOT NULL,
  `accID` int(11) NOT NULL,
  `videoTitle` varchar(250) NOT NULL,
  `videoCategoryID` int(11) NOT NULL,
  `videoURL` varchar(250) NOT NULL,
  `pubStatusID` int(11) NOT NULL,
  `createdAt` datetime NOT NULL DEFAULT current_timestamp(),
  `lastUpdated` datetime NOT NULL DEFAULT current_timestamp(),
  `isDeleted` tinyint(1) NOT NULL
) ENGINE=InnoDB DEFAULT CHARSET=utf8mb4 COLLATE=utf8mb4_general_ci;

--
-- Dumping data for table `video_content_tbl`
--

INSERT INTO `video_content_tbl` (`videoID`, `accID`, `videoTitle`, `videoCategoryID`, `videoURL`, `pubStatusID`, `createdAt`, `lastUpdated`, `isDeleted`) VALUES
(1, 5, 'Dog Training 101: How to Train ANY DOG the Basics', 1, 'https://www.youtube.com/watch?v=jFMA5ggFsXU', 1, '2025-11-18 14:45:15', '2025-11-17 13:20:19', 0),
(2, 5, 'How to Bathe your Cat that Hates Water (6 Step Tutorial) | The Cat Butler', 3, 'https://www.youtube.com/watch?v=ORtlZG_RU1s', 1, '2025-11-18 14:45:15', '2025-11-17 13:22:33', 0),
(3, 5, 'Top 10 Best Foods for Dogs!!', 4, 'https://www.youtube.com/watch?v=qwKMf_5pU_Y', 1, '2025-11-18 14:45:15', '2025-11-17 13:23:24', 0),
(4, 5, '10 Signs Your Cat is Sick And Needs Help (A Vet\'s Advice)', 2, 'https://www.youtube.com/watch?v=rR6aXt-bRGs', 1, '2025-11-18 14:45:15', '2025-11-17 13:23:24', 0),
(5, 5, 'How To Stop Your Dog Barking - You Can Do This Right Now', 5, 'https://www.youtube.com/watch?v=pZkzdsjtWc0', 1, '2025-11-18 14:45:15', '2025-11-17 13:25:26', 0),
(6, 5, 'How to Trim Dog Nails Safely', 3, 'https://www.youtube.com/watch?v=VnJafu_NMoQ', 2, '2025-11-18 14:45:15', '2025-11-17 13:25:26', 0),
(7, 5, 'Cat Nutrition: The Food, The Bad & The Ugly: Part 1: Dry Food!', 4, 'https://www.youtube.com/watch?v=6cvxA1CMbMQ', 1, '2025-11-18 14:45:15', '2025-11-17 13:25:26', 0);

--
-- Indexes for dumped tables
--

--
-- Indexes for table `account_tbl`
--
ALTER TABLE `account_tbl`
  ADD PRIMARY KEY (`accId`),
  ADD UNIQUE KEY `email` (`email`),
  ADD KEY `roleID_account_fk` (`roleID`);

--
-- Indexes for table `allergen_tbl`
--
ALTER TABLE `allergen_tbl`
  ADD PRIMARY KEY (`allergenID`);

--
-- Indexes for table `appointment_status_tbl`
--
ALTER TABLE `appointment_status_tbl`
  ADD PRIMARY KEY (`statusID`);

--
-- Indexes for table `appointment_tbl`
--
ALTER TABLE `appointment_tbl`
  ADD PRIMARY KEY (`appointmentID`),
  ADD KEY `accID_appointment_fk` (`accID`),
  ADD KEY `petID_appointment_fk` (`petID`),
  ADD KEY `statudID_appointment_fk` (`statusID`),
  ADD KEY `serviceID_appointment_fk` (`serviceID`),
  ADD KEY `scheduledTimeID` (`scheduledTimeID`);

--
-- Indexes for table `breed_tbl`
--
ALTER TABLE `breed_tbl`
  ADD PRIMARY KEY (`breedID`);

--
-- Indexes for table `chat_messages`
--
ALTER TABLE `chat_messages`
  ADD PRIMARY KEY (`id`),
  ADD KEY `user_id_chat_history` (`user_id`);

--
-- Indexes for table `clientinfo_tbl`
--
ALTER TABLE `clientinfo_tbl`
  ADD PRIMARY KEY (`cliendInfoId`),
  ADD KEY `accIdClient` (`accId`);

--
-- Indexes for table `faqs`
--
ALTER TABLE `faqs`
  ADD PRIMARY KEY (`id`);

--
-- Indexes for table `forum_images_tbl`
--
ALTER TABLE `forum_images_tbl`
  ADD PRIMARY KEY (`forumImageID`),
  ADD KEY `forumID_forum_images_fk` (`forumID`);

--
-- Indexes for table `forum_posts_tbl`
--
ALTER TABLE `forum_posts_tbl`
  ADD PRIMARY KEY (`forumID`),
  ADD KEY `accID_forum_fk` (`accID`);

--
-- Indexes for table `icon_tbl`
--
ALTER TABLE `icon_tbl`
  ADD PRIMARY KEY (`iconID`);

--
-- Indexes for table `labtype_tbl`
--
ALTER TABLE `labtype_tbl`
  ADD PRIMARY KEY (`labType_ID`);

--
-- Indexes for table `petmedical_file_tbl`
--
ALTER TABLE `petmedical_file_tbl`
  ADD PRIMARY KEY (`fileID`),
  ADD KEY `petmedicalID_medicalFIlesFK` (`petmedicalID`);

--
-- Indexes for table `petmedical_tbl`
--
ALTER TABLE `petmedical_tbl`
  ADD PRIMARY KEY (`petMedicalID`),
  ADD KEY `petID_labrecordFK` (`petID`),
  ADD KEY `labTypeID_labRecordFK` (`labTypeID`);

--
-- Indexes for table `pet_allergies_tbl`
--
ALTER TABLE `pet_allergies_tbl`
  ADD PRIMARY KEY (`petID`,`allergenID`),
  ADD KEY `allergenID_pet_allergies_fk` (`allergenID`);

--
-- Indexes for table `pet_care_category_tbl`
--
ALTER TABLE `pet_care_category_tbl`
  ADD PRIMARY KEY (`petCareCategoryID`);

--
-- Indexes for table `pet_care_tips_content_tbl`
--
ALTER TABLE `pet_care_tips_content_tbl`
  ADD PRIMARY KEY (`petCareID`),
  ADD KEY `petContent_accID_FK` (`accID`),
  ADD KEY `iconID_FK` (`iconID`),
  ADD KEY `petCareCategoryID_FK` (`petCareCategoryID`),
  ADD KEY `pubStatusID_PetCareTipFK` (`pubStatusID`);

--
-- Indexes for table `pet_tbl`
--
ALTER TABLE `pet_tbl`
  ADD PRIMARY KEY (`petID`),
  ADD KEY `breedID_pet_fk` (`breedID`),
  ADD KEY `accID_pettbl` (`accID`);

--
-- Indexes for table `publication_status_tbl`
--
ALTER TABLE `publication_status_tbl`
  ADD PRIMARY KEY (`pubStatsID`);

--
-- Indexes for table `role_tbl`
--
ALTER TABLE `role_tbl`
  ADD PRIMARY KEY (`roleID`);

--
-- Indexes for table `scheduletime_tbl`
--
ALTER TABLE `scheduletime_tbl`
  ADD PRIMARY KEY (`scheduledTimeID`);

--
-- Indexes for table `service_pricing_tbl`
--
ALTER TABLE `service_pricing_tbl`
  ADD PRIMARY KEY (`priceID`),
  ADD KEY `serviceID` (`serviceID`);

--
-- Indexes for table `service_tbl`
--
ALTER TABLE `service_tbl`
  ADD PRIMARY KEY (`serviceID`);

--
-- Indexes for table `userpreference_tbl`
--
ALTER TABLE `userpreference_tbl`
  ADD PRIMARY KEY (`userprefID`),
  ADD KEY `accIdPreference` (`accId`);

--
-- Indexes for table `vet_table`
--
ALTER TABLE `vet_table`
  ADD PRIMARY KEY (`vetId`),
  ADD KEY `accIdVet` (`accId`);

--
-- Indexes for table `video_category_tbl`
--
ALTER TABLE `video_category_tbl`
  ADD PRIMARY KEY (`videoCategoryID`);

--
-- Indexes for table `video_content_tbl`
--
ALTER TABLE `video_content_tbl`
  ADD PRIMARY KEY (`videoID`),
  ADD KEY `accID_videoContentFK` (`accID`),
  ADD KEY `videoCategoryID_videoContentFK` (`videoCategoryID`),
  ADD KEY `pubStatusID_videoContentFK` (`pubStatusID`);

--
-- AUTO_INCREMENT for dumped tables
--

--
-- AUTO_INCREMENT for table `account_tbl`
--
ALTER TABLE `account_tbl`
  MODIFY `accId` int(11) NOT NULL AUTO_INCREMENT, AUTO_INCREMENT=19;

--
-- AUTO_INCREMENT for table `allergen_tbl`
--
ALTER TABLE `allergen_tbl`
  MODIFY `allergenID` int(11) NOT NULL AUTO_INCREMENT;

--
-- AUTO_INCREMENT for table `appointment_status_tbl`
--
ALTER TABLE `appointment_status_tbl`
  MODIFY `statusID` int(11) NOT NULL AUTO_INCREMENT, AUTO_INCREMENT=7;

--
-- AUTO_INCREMENT for table `appointment_tbl`
--
ALTER TABLE `appointment_tbl`
  MODIFY `appointmentID` int(11) NOT NULL AUTO_INCREMENT, AUTO_INCREMENT=8;

--
-- AUTO_INCREMENT for table `breed_tbl`
--
ALTER TABLE `breed_tbl`
  MODIFY `breedID` int(11) NOT NULL AUTO_INCREMENT, AUTO_INCREMENT=3;

--
-- AUTO_INCREMENT for table `chat_messages`
--
ALTER TABLE `chat_messages`
  MODIFY `id` int(11) NOT NULL AUTO_INCREMENT, AUTO_INCREMENT=71;

--
-- AUTO_INCREMENT for table `clientinfo_tbl`
--
ALTER TABLE `clientinfo_tbl`
  MODIFY `cliendInfoId` int(11) NOT NULL AUTO_INCREMENT, AUTO_INCREMENT=13;

--
-- AUTO_INCREMENT for table `faqs`
--
ALTER TABLE `faqs`
  MODIFY `id` int(11) NOT NULL AUTO_INCREMENT, AUTO_INCREMENT=11;

--
-- AUTO_INCREMENT for table `forum_images_tbl`
--
ALTER TABLE `forum_images_tbl`
  MODIFY `forumImageID` int(11) NOT NULL AUTO_INCREMENT, AUTO_INCREMENT=22;

--
-- AUTO_INCREMENT for table `forum_posts_tbl`
--
ALTER TABLE `forum_posts_tbl`
  MODIFY `forumID` int(11) NOT NULL AUTO_INCREMENT, AUTO_INCREMENT=18;

--
-- AUTO_INCREMENT for table `icon_tbl`
--
ALTER TABLE `icon_tbl`
  MODIFY `iconID` int(11) NOT NULL AUTO_INCREMENT, AUTO_INCREMENT=11;

--
-- AUTO_INCREMENT for table `labtype_tbl`
--
ALTER TABLE `labtype_tbl`
  MODIFY `labType_ID` int(11) NOT NULL AUTO_INCREMENT, AUTO_INCREMENT=3;

--
-- AUTO_INCREMENT for table `petmedical_file_tbl`
--
ALTER TABLE `petmedical_file_tbl`
  MODIFY `fileID` int(11) NOT NULL AUTO_INCREMENT, AUTO_INCREMENT=7;

--
-- AUTO_INCREMENT for table `petmedical_tbl`
--
ALTER TABLE `petmedical_tbl`
  MODIFY `petMedicalID` int(11) NOT NULL AUTO_INCREMENT, AUTO_INCREMENT=9;

--
-- AUTO_INCREMENT for table `pet_care_category_tbl`
--
ALTER TABLE `pet_care_category_tbl`
  MODIFY `petCareCategoryID` int(11) NOT NULL AUTO_INCREMENT, AUTO_INCREMENT=12;

--
-- AUTO_INCREMENT for table `pet_care_tips_content_tbl`
--
ALTER TABLE `pet_care_tips_content_tbl`
  MODIFY `petCareID` int(11) NOT NULL AUTO_INCREMENT, AUTO_INCREMENT=10;

--
-- AUTO_INCREMENT for table `pet_tbl`
--
ALTER TABLE `pet_tbl`
  MODIFY `petID` int(11) NOT NULL AUTO_INCREMENT, AUTO_INCREMENT=64;

--
-- AUTO_INCREMENT for table `publication_status_tbl`
--
ALTER TABLE `publication_status_tbl`
  MODIFY `pubStatsID` int(11) NOT NULL AUTO_INCREMENT, AUTO_INCREMENT=4;

--
-- AUTO_INCREMENT for table `role_tbl`
--
ALTER TABLE `role_tbl`
  MODIFY `roleID` int(11) NOT NULL AUTO_INCREMENT, AUTO_INCREMENT=4;

--
-- AUTO_INCREMENT for table `scheduletime_tbl`
--
ALTER TABLE `scheduletime_tbl`
  MODIFY `scheduledTimeID` int(11) NOT NULL AUTO_INCREMENT, AUTO_INCREMENT=14;

--
-- AUTO_INCREMENT for table `service_pricing_tbl`
--
ALTER TABLE `service_pricing_tbl`
  MODIFY `priceID` int(11) NOT NULL AUTO_INCREMENT, AUTO_INCREMENT=22;

--
-- AUTO_INCREMENT for table `service_tbl`
--
ALTER TABLE `service_tbl`
  MODIFY `serviceID` int(11) NOT NULL AUTO_INCREMENT, AUTO_INCREMENT=11;

--
-- AUTO_INCREMENT for table `userpreference_tbl`
--
ALTER TABLE `userpreference_tbl`
  MODIFY `userprefID` int(11) NOT NULL AUTO_INCREMENT, AUTO_INCREMENT=3;

--
-- AUTO_INCREMENT for table `vet_table`
--
ALTER TABLE `vet_table`
  MODIFY `vetId` int(11) NOT NULL AUTO_INCREMENT;

--
-- AUTO_INCREMENT for table `video_category_tbl`
--
ALTER TABLE `video_category_tbl`
  MODIFY `videoCategoryID` int(11) NOT NULL AUTO_INCREMENT, AUTO_INCREMENT=6;

--
-- AUTO_INCREMENT for table `video_content_tbl`
--
ALTER TABLE `video_content_tbl`
  MODIFY `videoID` int(11) NOT NULL AUTO_INCREMENT, AUTO_INCREMENT=8;

--
-- Constraints for dumped tables
--

--
-- Constraints for table `account_tbl`
--
ALTER TABLE `account_tbl`
  ADD CONSTRAINT `roleID_account_fk` FOREIGN KEY (`roleID`) REFERENCES `role_tbl` (`roleID`);

--
-- Constraints for table `appointment_tbl`
--
ALTER TABLE `appointment_tbl`
  ADD CONSTRAINT `accID_appointment_fk` FOREIGN KEY (`accID`) REFERENCES `account_tbl` (`accId`) ON DELETE CASCADE ON UPDATE CASCADE,
  ADD CONSTRAINT `petID_appointment_fk` FOREIGN KEY (`petID`) REFERENCES `pet_tbl` (`petID`) ON DELETE CASCADE ON UPDATE CASCADE,
  ADD CONSTRAINT `scheduledTimeID` FOREIGN KEY (`scheduledTimeID`) REFERENCES `scheduletime_tbl` (`scheduledTimeID`) ON DELETE CASCADE ON UPDATE CASCADE,
  ADD CONSTRAINT `serviceID_appointment_fk` FOREIGN KEY (`serviceID`) REFERENCES `service_tbl` (`serviceID`) ON DELETE CASCADE ON UPDATE CASCADE,
  ADD CONSTRAINT `statudID_appointment_fk` FOREIGN KEY (`statusID`) REFERENCES `appointment_status_tbl` (`statusID`) ON DELETE CASCADE ON UPDATE CASCADE;

--
-- Constraints for table `chat_messages`
--
ALTER TABLE `chat_messages`
  ADD CONSTRAINT `user_id_chat_history` FOREIGN KEY (`user_id`) REFERENCES `account_tbl` (`accId`) ON DELETE CASCADE ON UPDATE CASCADE;

--
-- Constraints for table `clientinfo_tbl`
--
ALTER TABLE `clientinfo_tbl`
  ADD CONSTRAINT `accIdClient` FOREIGN KEY (`accId`) REFERENCES `account_tbl` (`accId`) ON DELETE CASCADE ON UPDATE CASCADE;

--
-- Constraints for table `forum_images_tbl`
--
ALTER TABLE `forum_images_tbl`
  ADD CONSTRAINT `forumID_forum_images_fk` FOREIGN KEY (`forumID`) REFERENCES `forum_posts_tbl` (`forumID`);

--
-- Constraints for table `forum_posts_tbl`
--
ALTER TABLE `forum_posts_tbl`
  ADD CONSTRAINT `accID_forum_fk` FOREIGN KEY (`accID`) REFERENCES `account_tbl` (`accId`);

--
-- Constraints for table `petmedical_file_tbl`
--
ALTER TABLE `petmedical_file_tbl`
  ADD CONSTRAINT `petmedicalID_medicalFIlesFK` FOREIGN KEY (`petmedicalID`) REFERENCES `petmedical_tbl` (`petMedicalID`) ON DELETE CASCADE ON UPDATE CASCADE;

--
-- Constraints for table `petmedical_tbl`
--
ALTER TABLE `petmedical_tbl`
  ADD CONSTRAINT `labTypeID_labRecordFK` FOREIGN KEY (`labTypeID`) REFERENCES `labtype_tbl` (`labType_ID`) ON DELETE CASCADE ON UPDATE CASCADE,
  ADD CONSTRAINT `petID_labrecordFK` FOREIGN KEY (`petID`) REFERENCES `pet_tbl` (`petID`) ON DELETE CASCADE ON UPDATE CASCADE;

--
-- Constraints for table `pet_allergies_tbl`
--
ALTER TABLE `pet_allergies_tbl`
  ADD CONSTRAINT `allergenID_pet_allergies_fk` FOREIGN KEY (`allergenID`) REFERENCES `allergen_tbl` (`allergenID`),
  ADD CONSTRAINT `petID_pet_allergies_fk` FOREIGN KEY (`petID`) REFERENCES `pet_tbl` (`petID`);

--
-- Constraints for table `pet_care_tips_content_tbl`
--
ALTER TABLE `pet_care_tips_content_tbl`
  ADD CONSTRAINT `iconID_FK` FOREIGN KEY (`iconID`) REFERENCES `icon_tbl` (`iconID`) ON DELETE CASCADE ON UPDATE CASCADE,
  ADD CONSTRAINT `petCareCategoryID_FK` FOREIGN KEY (`petCareCategoryID`) REFERENCES `pet_care_category_tbl` (`petCareCategoryID`) ON DELETE CASCADE ON UPDATE CASCADE,
  ADD CONSTRAINT `petContent_accID_FK` FOREIGN KEY (`accID`) REFERENCES `account_tbl` (`accId`) ON DELETE CASCADE ON UPDATE CASCADE,
  ADD CONSTRAINT `pubStatusID_PetCareTipFK` FOREIGN KEY (`pubStatusID`) REFERENCES `publication_status_tbl` (`pubStatsID`) ON DELETE CASCADE ON UPDATE CASCADE;

--
-- Constraints for table `pet_tbl`
--
ALTER TABLE `pet_tbl`
  ADD CONSTRAINT `accID_pettbl` FOREIGN KEY (`accID`) REFERENCES `account_tbl` (`accId`) ON DELETE CASCADE ON UPDATE CASCADE,
  ADD CONSTRAINT `breedID_pet_fk` FOREIGN KEY (`breedID`) REFERENCES `breed_tbl` (`breedID`) ON DELETE CASCADE ON UPDATE CASCADE;

--
-- Constraints for table `service_pricing_tbl`
--
ALTER TABLE `service_pricing_tbl`
  ADD CONSTRAINT `service_pricing_tbl_ibfk_1` FOREIGN KEY (`serviceID`) REFERENCES `service_tbl` (`serviceID`) ON DELETE CASCADE;

--
-- Constraints for table `userpreference_tbl`
--
ALTER TABLE `userpreference_tbl`
  ADD CONSTRAINT `accIdPreference` FOREIGN KEY (`accId`) REFERENCES `account_tbl` (`accId`) ON DELETE CASCADE ON UPDATE CASCADE;

--
-- Constraints for table `vet_table`
--
ALTER TABLE `vet_table`
  ADD CONSTRAINT `accIdVet` FOREIGN KEY (`accId`) REFERENCES `account_tbl` (`accId`) ON DELETE CASCADE ON UPDATE CASCADE;

--
-- Constraints for table `video_content_tbl`
--
ALTER TABLE `video_content_tbl`
  ADD CONSTRAINT `accID_videoContentFK` FOREIGN KEY (`accID`) REFERENCES `account_tbl` (`accId`) ON DELETE CASCADE ON UPDATE CASCADE,
  ADD CONSTRAINT `pubStatusID_videoContentFK` FOREIGN KEY (`pubStatusID`) REFERENCES `publication_status_tbl` (`pubStatsID`) ON DELETE CASCADE ON UPDATE CASCADE,
  ADD CONSTRAINT `videoCategoryID_videoContentFK` FOREIGN KEY (`videoCategoryID`) REFERENCES `video_category_tbl` (`videoCategoryID`) ON DELETE CASCADE ON UPDATE CASCADE;
COMMIT;

/*!40101 SET CHARACTER_SET_CLIENT=@OLD_CHARACTER_SET_CLIENT */;
/*!40101 SET CHARACTER_SET_RESULTS=@OLD_CHARACTER_SET_RESULTS */;
/*!40101 SET COLLATION_CONNECTION=@OLD_COLLATION_CONNECTION */;
